Knee_Angle,Foot_Velocity,Stride_Length,Swing_Time,Stance_Time
-49.35975490196065,0.0,0,0,0
-98.87,0.0,0,0,0
-164.44,0.0,0,0,0
-130.94,0.0,0,0,0
-112.0,0.0,0,0,0
145.37,0.0,0,0,0
154.37,0.0,0,0,0
-121.81,0.0,0,0,0
-91.37,0.0,0,0,0
151.75,0.0,0,0,0
158.5,0.0,0,0,0
-155.19,0.0,0,0,0
-103.37,0.0,0,0,0
173.0,0.0,0,0,0
170.31,0.0,0,0,0
-167.5,0.0,0,0,0
-108.62,0.0,0,0,0
170.69,0.0,0,0,0
165.37,0.0,0,0,0
-176.5,0.0,0,0,0
-161.25,0.0,0,0,0
150.12,0.0,0,0,0
-175.37,-0.0005041860465116279,-0.0043360000000000004,0,0
-167.62,-0.0020761020881670533,-0.013600334883720932,0,0
141.25,-0.0014898148148148147,0.004817576949225704,0,0
169.62,0.00018937644341801403,0.014186391764040518,0,0
-145.81,0.0013115207373271894,0.00943354187951396,0,0
-169.19,-0.001708505747126436,-0.026453536461499866,0,0
154.94,-0.006673394495412843,-0.043670216921269975,0,0
167.62,-0.011558810068649885,-0.043708088480903004,0,0
-173.94,-0.016258447488584474,-0.043200793286395,0,0
158.62,-0.023563553530751707,-0.06756546908548176,0,0
162.87,-0.03277454545454545,-0.0865145533679419,0.15680380000000227,0
178.19,-0.04358458049886622,-0.10360851700430553,0.3296367000000018,0
-168.94,-0.056339366515837104,-0.12471928344421482,0,0
165.905,-0.08318738738738739,-0.13286400742611526,0,0
-165.56,-0.09546426966292135,-0.13543899841710624,0,0
-48.75,-0.10798385650224215,-0.14573213999013995,0,0
-64.56,-0.10774228187919463,0,0,0.8660496000000002
-56.9525,-0.11137383592017738,-0.04061245637583893,0,0.8660496000000002
-55.2675,-0.1167578021978022,-0.0491112235598744,0,0.8660496000000002
-54.1875,-0.11135511982570806,-0.05459078399943485,0,0.8660496000000002
-53.29,-0.10452586206896551,-0.0819880127576048,0,0.8660496000000002
-58.44,-0.10354064516129033,-0.09519008172312203,0,0.8660496000000002
-59.88,-0.10287982832618026,-0.10645733333602525,0,0.8660496000000002
-77.25,-0.10272633832976445,-0.11939971960211967,0,0.8660496000000002
-108.19,-0.1034888888888889,-0.13618582666850085,0,0.8660496000000002
-148.5,-0.10475991471215353,-0.14926493777961194,0,0.8660496000000002
129.53,-0.1045715498938429,-0.01130079317697228,0,2.5334474999999976
157.25,-0.10316694915254239,-0.005578517168479712,0,2.5334474999999976
178.25,-0.09974883720930235,0.005272126899316897,0,2.5334474999999976
-150.595,-0.09129684210526319,0.0016382664342006162,0,2.5334474999999976
157.87,-0.09138067226890759,-0.006275873684210528,0,3.1893147999999982
167.06,-0.09132997903563944,-0.004999226890756304,0,3.346649199999998
-118.19,-0.09131213389121341,-0.0053091991614255775,0,3.5034046999999973
-131.87,-0.09181711899791234,-0.01762216987272265,0,3.5034046999999973
-137.31,-0.09311018711018715,-0.03158422415247213,0,3.5034046999999973
-125.5,-0.09394273858921165,-0.039313039121287106,0,3.5034046999999973
-127.62,-0.09524968944099382,-0.05144445820842404,0,3.5034046999999973
-131.56,-0.09686859504132234,-0.062136433363703544,0,3.5034046999999973
-127.69,-0.09887587628865982,-0.07371792096700933,0,3.5034046999999973
-127.5,-0.09867242798353912,0,0,3.6753737000000015
-131.075,-0.09440000000000003,-0.009670485596707823,0,3.6753737000000015
-138.75,-0.0928553971486762,-0.014006485596707826,0,3.6753737000000015
-135.62,-0.09095121951219515,-0.017834917368601922,0,3.6753737000000015
-132.87,-0.09072860040567954,-0.003262048780487806,0,5.182324999999999
-144.19,-0.08965414141414144,-0.01196548082916935,0,5.182324999999999
-124.62,-0.08892903225806453,-0.016297812142300663,0,5.182324999999999
-138.5,-0.08764748490945676,-0.017852134722945827,0,5.182324999999999
-146.81,-0.08747148594377512,0,0,6.0444034
-151.12,-0.08741883767535072,-0.00822171887550201,0,6.0444034
-152.37,-0.08768160000000001,-0.01836722588953007,0,6.0444034
-155.59,-0.09066693227091635,-0.04351301788953007,0,6.0444034
-158.25,-0.09251530815109346,-0.05217437247120338,0,6.0444034
-154.62,-0.09381666666666669,-0.05413559712329086,0,6.0444034
-157.31,-0.09459960396039604,-0.05645693045662419,0,6.0444034
-157.16199999999998,-0.09467058823529415,-0.01797593663366337,0,7.2435575999999955
-159.875,-0.09403203125000002,-0.005917647058823533,0,7.426575
-157.85333333333332,-0.09349669902912623,-0.011747843750000004,0,7.600611399999998
-157.45666666666668,-0.09067490347490349,0.0008363961165048514,0,7.788956999999996
-158.31,-0.08912061657032756,-0.0041535961614874274,0,7.788956999999996
-156.19,-0.08894923076923078,0,0,8.149027400000001
-158.19,-0.08874625719769674,-0.0032219692307692313,0,8.317998699999997
-156.47,-0.08826768642447419,-0.006875700575815739,0,8.320571799999996
-157.83,-0.09275361216730038,-0.046406530403731605,0.9882069000000016,8.320571799999996
-157.75,-0.09788484848484848,-0.06066496386380765,0.9882069000000016,8.320571799999996
-154.94,-0.09983894139886577,-0.06281575174259553,0.9882069000000016,8.320571799999996
-160.465,-0.10491676082862524,-0.08453242471045944,0,8.320571799999996
-158.02,-0.11842022471910113,-0.12416710644303947,0,8.320571799999996
-166.25,-0.12156411214953271,-0.11443272442056757,0,8.320571799999996
174.25,-0.12503283582089553,-0.1277658533925302,0,8.320571799999996
168.62,-0.12890875232774676,-0.14228048025820184,0,8.320571799999996
157.94,-0.13361412639405204,-0.16167318044442158,0,8.320571799999996
168.44,-0.13974100185528757,-0.18787431055594575,0,8.320571799999996
171.87,-0.14673259259259258,-0.20863759070436874,0,8.320571799999996
174.14333333333335,-0.16656279926335174,-0.23317080551918357,0,8.320571799999996
177.69,-0.17404338235294117,-0.2518558294602517,0,8.320571799999996
-175.94,-0.18203522935779815,-0.27165130004848703,0,8.320571799999996
-154.94,-0.19047765567765568,-0.2914541183971109,0,8.320571799999996
-158.12,-0.19905447897623402,-0.3085003308513234,0,8.320571799999996
-154.62,-0.20747153284671532,-0.3230166891694221,0,8.320571799999996
-143.75,-0.21508852459016395,-0.3311664117971594,0.32774169999999714,8.320571799999996
-150.595,-0.23299528130671507,-0.37499303474797907,0,8.320571799999996
-148.53,-0.24910524412296564,-0.38804046850478485,0.17139600000000144,8.320571799999996
-151.5,-0.2564,-0.40288888803462214,0.33950740000000224,8.320571799999996
-154.31,-0.26333693693693694,-0.41972088803462215,0,8.320571799999996
-155.935,-0.27292423698384205,-0.4286333204670546,0.17426380000000563,8.320571799999996
-160.06,-0.27969731663685155,-0.4433922289051157,0.007882000000002165,8.320571799999996
158.81,-0.2838214285714286,-0.4761040142360638,0.174270700000001,8.320571799999996
178.31,-0.28725704099821747,-0.4912497285217781,0,8.320571799999996
-133.37,-0.28720427046263347,-0.4751582918016355,0.171234400000003,8.320571799999996
134.44,-0.2863488454706927,-0.4890946334386462,0.004649400000005244,8.320571799999996
166.75,-0.28433191489361703,-0.4988665410763016,0.17535840000000036,8.320571799999996
-145.62,-0.2795519434628975,-0.5310263708635357,0,8.320571799999996
131.37,-0.277805291005291,-0.5581585263405675,0,8.320571799999996
-167.31,-0.275930985915493,-0.5788629496209907,0,8.320571799999996
-135.56,-0.2764175746924429,-0.6277294284942301,0,8.320571799999996
136.12,-0.27730807017543857,-0.6544668344696255,0.1729284999999976,8.320571799999996
177.81,-0.2797681260945709,-0.6946114800836606,0.3612868999999961,8.320571799999996
-136.87,-0.28228881118881116,-0.7177849301712262,0.5322067999999973,8.320571799999996
153.75,-0.2851029668411867,-0.7438320350663311,0.688549100000003,8.320571799999996
173.19,-0.2880606271777003,-0.7684002724136261,0.8596635999999975,8.320571799999996
-142.25,-0.29116173913043475,-0.7932131225878422,1.0302150999999995,8.320571799999996
166.56,-0.29441111111111107,-0.8183380617182769,1.2032655000000005,8.320571799999996
139.06,-0.29780450606585784,-0.8436829506071658,1.3594565000000003,8.320571799999996
-133.25,-0.2972892733564013,0,1.5269659000000004,0
-148.12,-0.2967758203799654,0,1.5269659000000004,0
158.12,-0.29626413793103445,0,1.5269659000000004,0
-135.81,-0.29575421686746983,0,1.5269659000000004,0
-161.94,-0.2952460481099656,0,2.323793099999996,0
-139.19,-0.2947396226415094,0,2.323793099999996,0
151.31,-0.29418904109589034,-0.02304316981132075,2.655024499999996,0
-132.75,-0.2936861538461538,0,2.655024499999996,0
-162.06,-0.29318498293515355,0,2.655024499999996,0
-168.25,-0.29268551959114136,0,2.655024499999996,0
-139.5,-0.29218775510204076,0,2.655024499999996,0
-103.87,-0.2916916808149405,0,3.4775094999999965,0
-69.31,-0.29119728813559315,0,3.6500394999999983,0
-75.62,-0.2907045685279187,0,3.8227218999999977,0
-79.62,-0.29021351351351343,0,3.9925368999999975,0
-76.5,-0.28972411467116355,0,4.1638284,0
-73.87,-0.28923636363636357,0,4.1638284,0
-74.745,-0.28824563758389254,0,4.512417900000003,0
-73.57166666666667,-0.285372757475083,0,4.714142199999998,0
-72.55,-0.283022075782537,0,4.714142199999998,0
-71.655,-0.2802518760195758,0,4.714142199999998,0
-70.75714285714285,-0.2770877419354838,0,4.714142199999998,0
-69.92125,-0.27355796178343944,0,4.714142199999998,0
-69.09250000000002,-0.26842874999999994,0,4.714142199999998,0
-68.28814814814814,-0.2575628185907046,0,4.714142199999998,0
-67.565,-0.2507947445255474,0,4.714142199999998,0
-66.7735,-0.24367999999999995,0,4.714142199999998,0
-56.658425196850565,0.0003296587926509187,0,17.7857901,0
-72.06,0.00032879581151832465,0,17.7857901,0
-61.94,0.00032793733681462143,0,17.7857901,0
-69.87,0.00032708333333333336,0,17.7857901,0
-68.0,0.00032623376623376626,0,17.7857901,0
-118.5,0.0003253886010362695,0,17.7857901,0
-178.31,0.0003245478036175711,0,17.7857901,0
-152.69,0.0003237113402061856,0,17.7857901,0
-102.31,0.0003228791773778921,0,17.7857901,0
168.75,0.0003220512820512821,0,17.7857901,0
179.81,0.000321227621483376,0,17.7857901,0
-119.25,0.00032040816326530617,0,17.7857901,0
-126.81,0.0003195928753180662,0,17.7857901,0
-161.69,0.0003187817258883249,0,17.7857901,0
-156.56,0.00031797468354430384,0,17.7857901,0
-134.62,0.00031717171717171724,0,17.7857901,0
166.12,0.00031637279596977337,0,17.7857901,0
-169.44,0.00031557788944723623,0,17.7857901,0
-179.44,0.0003147869674185464,0,17.7857901,0
179.81,0.00031400000000000004,0,17.7857901,0
170.94,0.00031321695760598507,0,17.7857901,0
-152.25,0.00031243781094527365,0,17.7857901,0
-169.12,0.00031166253101736976,0,17.7857901,0
174.19,0.00031089108910891094,0,17.7857901,0
-177.44,0.0003101234567901235,0,17.7857901,0
-173.37,0.0003093596059113301,0,17.7857901,0
-144.06,0.00030859950859950865,0,17.7857901,0
-163.19,0.000307843137254902,0,17.7857901,0
158.37,0.0003070904645476773,0,17.7857901,0
-169.56,0.0003063414634146342,0,17.7857901,0
-133.56,0.0003055961070559611,0,17.7857901,0
-161.94,0.00030485436893203886,0,17.7857901,0
164.25,0.0003041162227602906,0,17.7857901,0
-179.81,0.0003033816425120773,0,17.7857901,0
-120.0,0.0003026506024096386,0,17.7857901,0
178.75,0.00030192307692307696,0,17.7857901,0
178.12,0.00030119904076738614,0,17.7857901,0
-153.06,0.00030047846889952155,0,17.7857901,0
-154.5,0.00029976133651551316,0,17.7857901,0
-176.75,0.0002990476190476191,0,17.7857901,0
178.31,0.0002983372921615202,0,17.7857901,0
-158.94,0.00029763033175355454,0,17.7857901,0
-146.62,0.0002969267139479906,0,17.7857901,0
178.12,0.00029622641509433967,0,17.7857901,0
173.37,0.00029552941176470593,0,17.7857901,0
-162.25,0.00029483568075117377,0,17.7857901,0
-132.62,0.0002941451990632319,0,17.7857901,0
-167.94,0.00029345794392523366,0,17.7857901,0
-165.94,0.0002927738927738928,0,17.7857901,0
-165.75,0.000292093023255814,0,17.7857901,0
-140.87,0.00029141531322505803,0,17.7857901,0
-173.56,0.00029074074074074077,0,17.7857901,0
-167.44,0.0002900692840646652,0,17.7857901,0
-171.81,0.0002894009216589862,0,17.7857901,0
-137.75,0.00028873563218390807,0,17.7857901,0
-169.19,0.00028807339449541286,0,17.7857901,0
-162.69,0.00028741418764302064,0,17.7857901,0
-173.5,0.00028675799086757994,0,17.7857901,0
-153.69,0.00028610478359908885,0,17.7857901,0
-153.87,0.0002854545454545455,0,17.7857901,0
-172.06,0.0002848072562358277,0,17.7857901,0
-170.56,0.0002841628959276018,0,17.7857901,0
-163.75,0.00028352144469525963,0,17.7857901,0
-133.405,0.00028224719101123597,0,17.7857901,0
157.87,0.0002816143497757848,0,17.7857901,0
-165.5,0.00028098434004474276,0,17.7857901,0
-173.69,0.0002803571428571429,0,17.7857901,0
-132.12,0.00027973273942093543,0,17.7857901,0
-149.81,0.00027911111111111116,0,17.7857901,0
175.25,0.0002784922394678493,0,17.7857901,0
-167.62,0.0002778761061946903,0,17.7857901,0
-164.0,0.00027726269315673293,0,17.7857901,0
-136.12,0.00030396475770925113,0.00025909050772626935,33.9184994,0
-167.0,0.0003032967032967033,0,33.9184994,0
-167.5,0.00030263157894736844,0,33.9184994,0
170.62,0.00030196936542669587,0,33.9184994,0
-166.19,0.0003013100436681223,0,33.9184994,0
-168.0,0.00030065359477124187,0,33.9184994,0
-165.81,0.00030000000000000003,0,34.9455734,0
-162.12,0.0002993492407809111,0,34.9455734,0
-151.56,0.00029870129870129873,0,35.3055769,0
-112.75,-0.00045010799136069123,-0.006904103896103896,35.4813315,0
-102.5,-0.002298275862068966,-0.017172112535412752,0,0
-96.22,-0.00528412017167382,-0.010615905638861028,0.008054700000002413,0
-93.70447368421051,0.0826698412698413,0.013660866893327798,0.03772520000000412,0
-92.49027027027027,0.10195268022181148,0.0873066666666667,0.028552300000001196,0.016360900000002232
-92.00988235294115,0.04895271565495212,0.09244403696857673,0.035065700000004085,0.018950600000003703
-90.0,0.05061690590111647,0.10324825422097289,0.20836560000000048,0.018950600000003703
-81.19,0.05264585987261151,0.11194560669306221,0.20836560000000048,0.018950600000003703
-95.44,0.05485278219395871,0.11847727548287112,0,0.018950600000003703
-129.69,0.05495619047619052,0.004594111287758349,0,0.578478600000004
160.87,0.05637210776545171,0.02555860652585359,0,0.578478600000004
120.87,0.05891139240506334,0.04432437514708973,0,0.578478600000004
99.94,0.062147235387045856,0.0579572865394948,0,0.578478600000004
112.62,0.0656605678233439,0.06657706537045846,0,0.578478600000004
160.62,0.06966551181102366,0.07821391079632597,0.34383929999999907,0.578478600000004
-140.75,0.07323018867924533,0.07834715174120786,0.5143658000000002,0.578478600000004
-96.19,0.07544050235478811,0.06709356683554749,0.687315599999998,0.578478600000004
-89.62,0.07740689655172418,0.07010480702393054,0.8615762999999959,0.578478600000004
-93.69,0.07976838810641632,0.08142535874806847,1.030500400000001,0.578478600000004
-126.06,0.08261875000000005,0.09415882979658177,1.1994728999999964,0.578478600000004
-167.25,0.08590764430577227,0.10650432979658178,1.1994728999999964,0.578478600000004
157.81,0.08939314641744553,0.11603294134104356,1.1994728999999964,0.578478600000004
136.0,0.09403856920684296,0.1382403930544392,0,0.578478600000004
123.69,0.10055527950310562,0.17005147859098663,0,0.578478600000004
115.5,0.10778170542635664,0.1875119009512351,0,0.578478600000004
117.31,0.11525634674922605,0.19963043738534364,0,0.578478600000004
162.87,0.12308253477588876,0.21369894512528173,0.3435309999999987,0.578478600000004
-116.12,0.1316234567901235,0.23312154790735282,0.5116183999999961,0.578478600000004
-102.0,0.1384671802773498,0.2219634244505627,0.686045699999994,0.578478600000004
-96.06,0.14461476923076927,0.22426479887275066,0.8587983999999977,0.578478600000004
-108.62,0.1509560675883257,0.23860198041121222,1.0296207999999964,0.578478600000004
-137.5,0.15789079754601232,0.2586704658182783,1.1862779000000003,0.578478600000004
137.44,0.165597549770291,0.2816617296219593,1.1862779000000003,0.578478600000004
96.5,0.17401284403669728,0.30448553360358255,1.1862779000000003,0.578478600000004
86.94,0.18357374045801533,0.33375056112651835,0,0.578478600000004
82.215,0.20621796042617968,0.3830914099814802,0,0.578478600000004
89.75,0.21853130699088155,0.4097168468155746,0,0.578478600000004
130.75,0.23129408194233694,0.43361535137484514,0,0.578478600000004
-136.69,0.2447533333333334,0.4618228779302321,0.3586918999999966,0.578478600000004
-120.81,0.2573113464447807,0.47002714459689876,0.5299129999999934,0.578478600000004
-104.12,0.268546827794562,0.47360405231248126,0.7023397999999972,0.578478600000004
-94.69,0.2799529411764707,0.4977997985360462,0.8756580999999954,0.578478600000004
-108.12,0.29202469879518084,0.5294920338301639,1.0487434999999934,0.578478600000004
-142.31,0.3047428571428572,0.5619340097337784,1.2155767999999938,0.578478600000004
143.62,0.3181261261261262,0.595681438305207,0,0.578478600000004
93.06,0.332976311844078,0.6412355283952972,0,0.578478600000004
72.19,0.3492808383233533,0.6878976333428234,0,0.578478600000004
61.31,0.36623736920777283,0.7252161004086917,0,0.578478600000004
65.0,0.38336477611940306,0.7574830899453135,0,0.578478600000004
100.87,0.400832786885246,0.7934082720348659,0.1747331999999986,0.578478600000004
-169.69,0.4190702380952382,0.8365148949856855,0.34636520000000104,0.578478600000004
-141.19,0.4355221396731056,0.8467365140333045,0.5205182999999991,0.578478600000004
-123.5,0.45164094955489625,0.877746285207153,0.6904633999999987,0.578478600000004
-125.44,0.4684397037037038,0.9237015611715448,0.864949799999998,0.578478600000004
-154.12,0.4857124260355031,0.9682567374678411,1.0333844999999968,0.578478600000004
164.25,0.5036183161004433,1.0163777315506815,0,0.578478600000004
64.87,0.5234713864306786,1.083787196838717,0,0.578478600000004
56.56,0.5447016200294552,1.1451609077531713,0,0.578478600000004
49.56,0.5663188235294119,1.1948490373555278,0,0.578478600000004
48.19,0.5654872246696037,0,0,0.8617447000000027
73.12,0.5650498533724342,0.0505829779735683,0,0.8617447000000027
-176.56,0.5655051244509518,0.10796296624336303,0.3428779999999989,0.8617447000000027
-148.37,0.564354970760234,0.13125937619943917,0.5478048999999956,0.8617447000000027
-131.06,0.5621897810218979,0.1624557738602579,0.7153448999999981,0.8617447000000027
-124.37,0.5603702623906707,0.21208695634200972,0.872815199999998,0.8617447000000027
-141.62,0.5589921397379914,0.2629085773332634,1.026736299999996,0.8617447000000027
174.87,0.5579313953488374,0.3119399485123027,0,0.8617447000000027
75.56,0.5591117561683602,0.3874144601402097,0,0.8617447000000027
54.25,0.5617907246376813,0.45287140063367853,0,0.8617447000000027
40.10333333333333,0.5722372294372295,0.5565419165757076,0,0.8617447000000027
83.0,0.5761590778097984,0.606264894930686,0,0.8617447000000027
-174.25,0.5807539568345325,0.6618696211554699,0.33650790000000086,0.8617447000000027
-148.12,0.5839103448275863,0.6884899377022324,0.5097561999999982,0.8617447000000027
-135.94,0.5862892395982785,0.7244907652884394,0.6815240000000031,0.8617447000000027
-127.12,0.5888871060171922,0.7745459044563017,0.8498766000000018,0.8617447000000027
-136.56,0.5919113018597999,0.827720872937677,1.022792899999999,0.8617447000000027
-167.0,0.5952325714285717,0.879353777086461,1.022792899999999,0.8617447000000027
74.25,0.5995001426533526,0.9403723828007468,0,0.8617447000000027
71.44,0.6055424501424503,1.0134203942130149,0,0.8617447000000027
59.31,0.6122355618776674,1.0712557902244109,0,0.8617447000000027
56.31,0.6193670454545456,1.1266746351746242,0,0.8617447000000027
85.62,0.6267529078014186,1.1800959988109878,0,0.8617447000000027
175.75,0.6349104815864024,1.2414282314351013,0.17550899999999814,0.8617447000000027
-156.56,0.6422472418670441,1.2809410699620134,0.3488952000000012,0.8617447000000027
-137.31,0.6486960451977404,1.3200408493113769,0.5206759000000005,0.8617447000000027
-130.06,0.647781100141044,0,0.6863510000000019,0
-144.06,0.6471538028169016,0.05587048801128351,0.863933000000003,0
-173.87,0.6467572433192689,0.11089879223663564,1.0362934999999993,0
84.81,0.6464500000000002,0.16389537170217716,1.0362934999999993,0
64.06,0.6466877980364658,0.2233713717021772,0,0
56.06,0.6489176470588238,0.30356239554509445,0,0
54.81,0.6513309090909093,0.3581878073098004,0,0
78.31,0.653941899441341,0.4132222800370731,0,0
-178.44,0.6567659693165971,0.4686976319923804,0,0
-149.62,0.6601849582172705,0.5298949095377082,0.34994139999999874,0
-132.56,0.663265646731572,0.5779817061950898,0.5200395999999969,0
-117.12,0.6668777777777781,0.6388189579336156,0.6905275999999958,0
-120.75,0.6705148404993068,0.6926731801558379,0.8619401999999994,0
-89.19,0.6753634349030474,0.7639543673957825,0.00327649999999835,0
-106.56547677261638,-2.3471882640586934e-05,0,0,3.1060859999999977
-126.56,-2.3414634146341602e-05,0,0,3.5076259999999984
-139.06,-2.335766423357678e-05,0,0,3.690983499999998
-164.56,-2.3300970873786545e-05,0,0,3.8643711999999972
176.31,-2.324455205811152e-05,0,0,4.021405399999999
-148.81,-2.3188405797101585e-05,0,0,4.195208999999998
-123.31,-2.3132530120482063e-05,0,0,4.3691426
-139.62,-2.307692307692321e-05,0,0,4.538824499999997
-178.75,-2.3021582733813086e-05,0,0,4.712704499999997
-120.44,-2.2966507177033627e-05,0,0,4.884013499999998
-147.12,-2.2911694510739993e-05,0,0,5.054812199999997
-174.06,-2.285714285714299e-05,0,0,5.209007999999997
-113.31,-2.280285035629467e-05,0,0,5.365580299999998
170.37,-2.274881516587691e-05,0,0,5.5378203999999975
-164.75,-2.269503546099304e-05,0,0,5.726050699999998
-136.44,-2.2641509433962397e-05,0,0,5.9010245999999995
-159.69,-2.258823529411778e-05,0,0,6.072050599999997
-179.75,-2.2535211267605766e-05,0,0,6.2589182
-140.5,-2.2482435597189828e-05,0,0,6.4309142
-150.25,-2.2429906542056207e-05,0,0,6.5888244
168.31,-2.2377622377622508e-05,0,0,6.762104699999998
-156.31,-2.232558139534897e-05,0,0,6.934289099999997
-142.31,-2.2273781902552337e-05,0,0,7.107031499999998
-160.5,-2.2222222222222352e-05,0,0,7.278200799999997
179.94,-2.2170900692840775e-05,0,0,7.448749799999998
-124.19,-2.2119815668202895e-05,0,0,7.619590899999999
-113.87,-2.206896551724151e-05,0,0,7.805638499999997
149.62,-2.201834862385334e-05,0,0,7.977518199999999
-153.62,-2.196796338672782e-05,0,0,8.134528099999997
-138.25,-2.1917808219178212e-05,0,0,8.30548
-145.81,-2.1867881548975073e-05,0,0,8.492811699999997
170.62,-2.1818181818181947e-05,0,0,8.6650542
-147.5,-2.1768707482993324e-05,0,0,8.839239599999999
-158.25,-2.1719457013574787e-05,0,0,9.009777699999997
147.69,-2.167042889390532e-05,0,0,9.1692486
-173.12,-2.162162162162175e-05,0,0,9.338461499999998
-149.94,-2.1573033707865294e-05,0,0,9.511369299999998
137.56,-2.1524663677130172e-05,0,0,9.6840105
160.12,-2.147651006711422e-05,0,0,9.872505799999999
-147.81,-2.1428571428571554e-05,0,0,10.045027999999999
-145.87,-2.1380846325167163e-05,0,0,10.216411699999998
154.19,-2.133333333333346e-05,0,0,10.404756299999999
178.81,-2.128603104212873e-05,0,0,10.5623513
-140.44,-2.123893805309747e-05,0,0,10.717956299999997
-167.69,-2.1192052980132576e-05,0,0,10.891150999999997
161.06,-2.114537444933933e-05,0,0,11.047766199999998
-127.87,-2.1098901098901222e-05,0,0,11.238406899999998
-138.31,-2.105263157894749e-05,0,0,11.412620999999998
142.12,-2.1006564551422445e-05,0,0,11.577951199999998
155.25,-2.0960698689956456e-05,0,0,11.800344299999999
-139.44,-2.0915032679738685e-05,0,0,11.956422699999997
155.06,-2.0869565217391428e-05,0,0,12.138784699999999
147.0,-2.082429501084611e-05,0,0,12.315957599999997
-125.69,-2.0779220779220903e-05,0,0,12.471968399999998
-144.81,-2.0734341252699904e-05,0,0,12.644874899999998
148.0,-2.06451612903227e-05,0,0,12.804088499999999
-134.19,-2.0600858369098835e-05,0,0,12.958229099999997
-149.31,-2.055674518201297e-05,0,0,13.1152953
145.19,-2.0512820512820634e-05,0,0,13.2876421
-165.37,-2.046908315565044e-05,0,0,13.460208299999998
-145.19,-2.0425531914893738e-05,0,0,13.615646599999998
150.81,-2.0338983050847577e-05,0,0,13.773885899999996
-152.06,-2.029598308668088e-05,0,0,13.942937199999996
-152.44,-2.0253164556962143e-05,0,0,14.098602499999998
159.87,-2.0210526315789594e-05,0,0,14.256235799999999
-173.94,-2.0168067226890874e-05,0,0,14.4153758
-147.12,-2.012578616352213e-05,0,0,14.617097299999998
172.19,-2.008368200836832e-05,0,0,14.805767500000002
156.94,-2.0041753653444794e-05,0,0,14.977974099999997
-138.19,-2.0000000000000117e-05,0,0,15.134301700000002
-149.5,-1.9958419958420074e-05,0,0,15.2918084
145.56,-1.9917012448132896e-05,0,0,15.448691699999998
164.87,-1.9875776397515643e-05,0,0,15.605359199999995
-143.31,-1.9834710743801768e-05,0,0,15.778362099999995
125.56,-1.9793814432989807e-05,0,0,15.935592
143.31,-1.9753086419753202e-05,0,0,16.0910778
-139.0,-1.9712525667351245e-05,0,0,16.2466894
-160.56,-1.96721311475411e-05,0,0,16.4055805
131.44,-1.9631901840490912e-05,0,0,16.562229199999997
159.87,-1.9591836734693993e-05,0,0,16.719908499999995
-151.56,-1.9551934826884024e-05,0,0,16.875726399999998
146.0,-1.9512195121951334e-05,0,0,17.052015499999996
173.56,-1.9472616632860156e-05,0,0,17.2229521
-136.31,-1.9433198380566916e-05,0,0,17.379807800000002
134.56,-1.9393939393939507e-05,0,0,17.551439099999996
167.87,-1.9354838709677533e-05,0,0,17.723280699999997
-149.87,-1.9315895372233513e-05,0,0,17.8941655
-145.06,-1.9277108433735053e-05,0,0,18.0505712
148.0,-1.923847695390793e-05,0,0,18.2062568
-168.69,-1.9200000000000114e-05,0,0,18.3795268
-134.0,-1.9161676646706698e-05,0,0,18.552960899999995
138.94,-1.912350597609573e-05,0,0,18.7080908
170.0,-1.9085487077534902e-05,0,0,18.8976883
-141.37,-1.9047619047619158e-05,0,0,19.071742899999997
117.25,-1.9009900990099122e-05,0,0,19.227358199999998
140.94,-1.8972332015810387e-05,0,0,19.400753099999996
-134.56,-1.893491124260366e-05,0,0,19.557423
-150.25,-1.8897637795275702e-05,0,0,19.7142147
143.19,-1.8860510805501093e-05,0,0,19.8862515
174.81,-1.8823529411764816e-05,0,0,20.0595602
-142.56,-1.878669275929561e-05,0,0,20.231499899999996
129.62,-1.875000000000011e-05,0,0,20.4054451
154.75,-1.8713450292397772e-05,0,0,20.5788298
-150.56,-1.867704280155653e-05,0,0,20.7494985
123.19,-1.8640776699029234e-05,0,0,20.9205963
148.62,-1.8604651162790806e-05,0,0,21.095003300000002
-164.5,-1.8568665377176126e-05,0,0,21.2677672
167.31,-1.853281853281864e-05,0,0,21.467988499999997
149.75,-1.8497109826589703e-05,0,0,21.655648999999997
176.94,-1.846153846153857e-05,0,0,21.844131499999996
-163.69,-1.8426103646833123e-05,0,0,22.0153332
144.56,-1.839080459770126e-05,0,0,22.187748399999997
165.19,-1.8355640535372958e-05,0,0,22.358697499999998
-155.37,-1.832061068702301e-05,0,0,22.530557099999996
129.87,-1.8285714285714393e-05,0,0,22.6869053
151.06,-1.8250950570342312e-05,0,0,22.858570299999997
-168.81,-1.8216318785578853e-05,0,0,23.0288313
133.31,-1.8181818181818287e-05,0,0,23.2031104
156.06,-1.814744801512298e-05,0,0,23.4044898
158.87,-1.8113207547169918e-05,0,0,23.5783007
165.31,-1.8079096045197848e-05,0,0,23.7463111
175.87,-1.8045112781954993e-05,0,0,23.9168478
-120.19,-1.8011257035647386e-05,0,0,24.088766200000002
-109.0,-1.7977528089887745e-05,0,0,24.2475587
-100.81,-1.7943925233644966e-05,0,0,24.4172857
-98.56,-1.7910447761194136e-05,0,0,24.573558300000002
-101.56,-1.781076066790363e-05,0,0,0
-99.19,-1.777777777777788e-05,0,0,0
-94.69,-1.774491682070251e-05,0,0,0
-90.47,4.6408839779005416e-05,0.0006952902033271719,0,0.0024970000000053005
-89.95666666666666,4.615384615384604e-05,0,0,0.1818292000000028
-90.095,4.598540145985391e-05,0,0,0.3484144000000029
-84.19,-2.9872495446266053e-05,-0.0008301605839416059,0,0.5300255000000007
-88.0,-2.9710144927536347e-05,0,0,0.7162569999999988
-90.87,-2.9656419529837365e-05,0,0,0.8802653000000049
-88.56,-2.9602888086642713e-05,0,0,1.0496436000000031
-76.44,-2.9549549549549663e-05,0,0,1.2056620000000038
-74.94,-2.9496402877697956e-05,0,0,1.3757273000000012
-79.75,-2.944344703770209e-05,0,0,1.5493816000000038
-73.94,-2.9390681003584343e-05,0,0,1.7211545000000044
-76.874,-2.91296625222026e-05,0,0,1.8892312000000047
-75.98636363636365,-2.8571428571428683e-05,0,0,2.0803770000000057
-75.59,-2.8472222222222335e-05,0,0,2.2571188000000006
-75.0,0.00018093587521663768,0.002414861111111111,0.004253499999997246,2.453294300000003
-75.81,0.0005017301038062283,0.003725335981128443,0,2.453294300000003
-88.98,0.0006499139414802066,0,0,0.183723999999998
-91.0,0.0007924398625429554,0.0017239931153184168,0,0.183723999999998
-103.44,-0.00015506003430531718,-0.010916611695678147,0,0.183723999999998
-120.5,-0.0013075342465753423,-0.013361016498422572,0,0.183723999999998
-129.37,-0.002134700854700855,-0.009705619238148598,0,0.183723999999998
-126.69,-0.002853242320819113,-0.008636395306524667,0,0.183723999999998
-105.62,-0.0028735945485519596,-0.0006966546921901946,0.15798170000000056,0.183723999999998
-113.69,-0.0033224489795918373,-0.005966542256074351,0,0.183723999999998
-128.25,-0.004872665534804754,-0.019224338174441698,0,0.183723999999998
-122.0,-0.006615593220338983,-0.021950151417226078,0,0.183723999999998
-117.69,-0.006941455160744501,-0.005799398874853199,0,0.183723999999998
-113.75,-0.007204054054054054,-0.00561871528771276,0,0.183723999999998
-108.06,-0.007208094435075885,-0.003139039612037084,0.0025556999999949426,0.183723999999998
-105.155,-0.007536134453781514,-0.00774801094424619,0,0.183723999999998
-106.75,-0.008183221476510068,-0.012278901700548713,0.0026996999999937543,0.183723999999998
-108.5475,-0.010792666666666671,-0.009675545995850722,0.1858451999999957,0.183723999999998
-105.87,-0.01139301164725458,-0.014346959329184056,0.3594666999999987,0.183723999999998
-103.62,-0.012276411960132896,-0.018690400260964423,0.5304076999999978,0.183723999999998
-101.78,-0.014816556291390736,-0.025067569696180368,0.7075843999999947,0.183723999999998
-100.69,-0.014792066115702487,0,0.872740499999999,0
-98.75,-0.013205930807248772,0.008216952066115701,1.0517511999999982,0
-96.5,-0.011622331691297217,0.0050962403692458485,1.2228001000000006,0
-94.97,-0.009411456628477914,0.009277560566290182,1.4408279999999962,0
-92.345,-0.009380750407830351,0,1.6184083999999999,0
-91.185,-0.009326178861788626,-7.923001631321408e-05,1.825689699999998,0
-89.87,-0.009690909090909099,-0.005801324325256305,2.0096095999999974,0
-88.736,-0.013036392914653791,-0.00873514250707449,2.1925661999999946,0
-87.12,-0.012306109324758849,0.004333946059753208,2.3540536000000003,0
-83.94,-0.01077560192616373,0.013349457313772501,2.5252027999999953,0
-78.44,-0.008734615384615391,0.018919409159679403,2.6810335999999992,0
-76.59,-0.005884345047923329,0.008839255313525555,2.8559588999999974,0
-79.28,-0.0029477707006369497,0.011693133907774754,3.025956299999997,0
-80.16,0.006827804107424955,0,3.204388899999998,0
-81.44,0.006817034700315452,0,3.3771445,0
-83.28333333333335,0.008065940902021767,0.008364769716088327,3.5947374999999937,0
-82.415,0.017125423728813552,0.04587923316865443,0,0
-81.16333333333334,0.024936809815950915,0,0,0.34061730000000523
-83.0425,0.014576829268292677,-0.034044638036809814,0.1951433999999992,0.34061730000000523
-81.12,0.012013394216133937,-0.027238491695346402,0,0.34061730000000523
-77.62333333333333,0.008147878787878784,0.00047565137923502934,0,0.34061730000000523
-76.04,0.009864856711915532,0.02135531198529564,0,0.34061730000000523
-74.94,0.011079518072289152,0.02649650052224888,0,0.34061730000000523
-72.58,0.01458050974512743,0.03043722341381514,0.1826888000000011,0.34061730000000523
-81.5,0.015568263473053887,0.026595664193425336,0.3470101999999997,0.34061730000000523
-100.69,0.01519043348281016,0.009609125271269645,0.5203185000000019,0.34061730000000523
-116.44,0.014585671641791038,0.007768359949894457,0.690981899999997,0.34061730000000523
-139.5,0.014252160953800294,0.012551213681237742,0.8594799999999978,0.34061730000000523
174.44,0.014023214285714281,0.015083386557541765,0.8594799999999978,0.34061730000000523
118.69,0.01400237741456166,0,0,0.35194710000000384
108.56,0.01608783382789317,0.029512190193164936,0,0.35194710000000384
105.78,0.02366745562130177,0.05916273025251212,0.0061751000000001,0.35194710000000384
123.06,0.02892112259970457,0.07655212670221626,0.1743698000000009,0.35194710000000384
157.56,0.034903244837758106,0.08895381651019263,0.34805019999999587,0.35194710000000384
-151.12,0.04044064801178203,0.08594607609721329,0.5186565999999999,0.35194710000000384
-104.25,0.04932276064610865,0.07456695385862713,0.6775183999999967,0.35194710000000384
-106.62,0.05291847507331378,0.06888077471031583,0,0.35194710000000384
-119.44,0.05575636896046851,0.06290625271618093,0,0.35194710000000384
-154.19,0.057970175438596484,0.05894276223301841,0,0.35194710000000384
151.37,0.05976700729927007,0.05795637626810613,0,0.35194710000000384
111.19,0.06157317784256559,0.06293773685204773,0,0.35194710000000384
94.87,0.06148355167394468,0,0,1.091007100000006
92.25,0.061712790697674415,0.009302684133915575,0,1.091007100000006
120.5,0.06259390420899855,0.02323170738972953,0,1.091007100000006
153.94,0.0642127536231884,0.03845521972644941,0.1758584999999968,1.091007100000006
-165.0,0.06645904486251808,0.052328240016304484,0.3334797999999992,1.091007100000006
-136.375,0.07125772005772006,0.05948732539980665,0.5248028999999974,1.091007100000006
-146.62,0.07291757925072045,0.05813994300442425,0.6917265000000015,1.091007100000006
-140.03,0.07630804597701149,0.0691380525145107,0.8645008000000018,1.091007100000006
-144.81,0.07847116212338594,0.08021069619267163,1.0315878999999981,1.091007100000006
-148.69,0.08096160458452722,0.0911443891625425,0,1.091007100000006
-156.56,0.08504606580829757,0.12000531752930468,0,1.091007100000006
173.62,0.090148,0.14121700279396848,0,1.091007100000006
150.25,0.09624992867332381,0.16265284279396847,0,1.091007100000006
134.87,0.10308205128205127,0.18084883708783436,0.17542969999999514,1.091007100000006
126.0,0.10805519203413938,0.16323140119039845,0.3488234999999946,1.091007100000006
106.81,0.11245284090909088,0.16397181655312962,0.5547350999999949,1.091007100000006
90.62,0.11706156028368792,0.1761200438258569,0.5547350999999949,1.091007100000006
86.81,0.11689575070821527,0,0.5547350999999949,0.44808350000000274
86.94,0.11720113154172558,0.011331830028328611,0,0.6177820999999994
106.19,0.11874406779661013,0.03824392055166666,0,0.6177820999999994
136.44,0.12089873060648798,0.05647944597539547,0,0.6177820999999994
162.75,0.1240608450704225,0.08054334442391452,0,0.6177820999999994
179.12,0.12827679324894511,0.10558021202954831,1.3201735999999968,0.6177820999999994
-171.87,0.13163595505617973,0.10381035548946392,1.4921111999999965,0.6177820999999994
-156.81,0.13438765778401118,0.10581323189395829,1.6628389999999982,0.6177820999999994
-164.37,0.13439159663865544,0.008119506311360448,1.834849300000002,0
-177.75,0.13420363636363633,0,1.834849300000002,0
-156.56,0.13342122905027928,0.0022162909090909064,0,0
-126.75,0.13409372384937235,0.03372198923311325,0,0
-110.69,0.13592089136490246,0.061057487141063044,0,0
-41.19,0.13870375521557715,0.08574715845025524,0,0
3.94,0.14267499999999997,0.11406745886750141,0.1779685999999998,0
7.155,0.1481540166204986,0.10923645886750141,0.35264309999999455,0
9.56,0.1510047026279391,0.1272647801971413,0.5172917999999953,0
6.87,0.1551441988950276,0.15812115640737642,0.5172917999999953,0
-54.19,0.1619122758620689,0.20881269231897862,0,0
-118.31,0.17024573002754817,0.2447656743879441,0,0
157.44,0.1783570839064649,0.25548933279014796,0.34638350000000173,0
88.25,0.18518461538461536,0.25138989950266516,0.5166461999999967,0
57.0,0.1923314128943758,0.2711326687334344,0.6841275999999965,0
58.75,0.20114246575342462,0.3111031817649844,0,0
89.56,0.211810123119015,0.3546905790252584,0,0
91.75,0.2235502732240437,0.3877633888747796,0,0
90.0,0.23570477489768074,0.4121914107327031,0.33217559999999935,0
59.75,0.24723814713896455,0.42241579272451757,0.5033847999999921,0
47.81,0.25871564625850335,0.44183484449563476,0.6760052000000059,0
65.12,0.27071141304347823,0.470620096196315,0.8598690999999974,0
102.87,0.28388928086838533,0.5101810092397933,0.8598690999999974,0
-153.87,0.2992471544715447,0.5655961517092641,0,0
-132.06,0.3157125845737483,0.6065199240669877,0,0
-128.25,0.3310124324324324,0.6151849308328876,0.3415813000000014,0
-136.0,0.3458488529014844,0.6354099254274822,0.5094277000000034,0
-153.5,0.3619843665768193,0.6829498336596009,0.5094277000000034,0
-173.81,0.37956339165545083,0.7340045829857464,0.5094277000000034,0
170.0,0.3980596774193548,0.7787216543181825,0.5094277000000034,0
173.62,0.41640107382550334,0.8089984285117309,1.1873748000000006,0
165.44,0.43409008042895436,0.833310514417771,1.360229899999993,0
151.69,0.45184257028112446,0.8696937208520874,1.5316368999999952,0
132.19,0.4705417112299465,0.9207131264745774,1.7019858000000028,0
115.75,0.4905639519359145,0.9789244633729731,0,0
121.81,0.5119642666666666,1.0396415795278462,0,0
170.44,0.5341155792276964,1.0927347208611795,0,0
-157.5,0.556788829787234,1.1441999671993952,0.17405949999999848,0
-143.06,0.5796440903054448,1.1923910735823737,0.34907809999999984,0
-154.81,0.6030413793103448,1.2478506008068093,0.5203249999999997,0
-175.62,0.627353642384106,1.3108459111516368,0.5203249999999997,0
160.56,0.6529835978835978,1.3819302025423654,0.5203249999999997,0
156.44,0.6796380449141347,1.4507048903730533,0.5203249999999997,0
173.44,0.706593667546174,1.510707933966184,1.2202932999999945,0
-140.81,0.7331130434782608,1.5616914273698779,1.3924989999999866,0
165.0,0.7589626315789472,1.6112204708481386,1.565825999999987,0
-137.37,0.784803153745072,1.6728334813744543,1.7374342999999897,0
-152.37,0.8108745406824145,1.74016973367406,0,0
163.06,0.8372571428571426,1.8108316969286533,0,0
-179.87,0.864647120418848,1.8942602683572247,0,0
176.81,0.8921495424836599,1.9662480379907326,0,0
-126.94,0.9195634464751956,2.0373640013894256,0,0
129.5,0.946869361147327,2.1103690771074413,0,0
-147.06,0.9457307291666665,0.03932277444589308,0.17114959999999257,1.0790771000000063
168.56,0.9447973992197657,0.1180932327792264,0.3417232999999982,1.0790771000000063
178.31,0.9431205194805192,0.18218902471680765,0.5154191000000026,1.0790771000000063
156.69,0.9411403372243836,0.2528946662752492,0.6858766999999943,1.0790771000000063
-169.5,0.9390041450777199,0.3256978932531999,0.8575625999999943,1.0790771000000063
-148.19,0.9370318240620954,0.4032662248594175,1.030173199999993,1.0790771000000063
-164.56,0.935399483204134,0.48341277078438516,1.1967837999999915,1.0790771000000063
-127.94,0.9339803870967739,0.5614847294407159,0,1.0790771000000063
-137.0,0.9325783505154636,0.6364111604084578,0,1.0790771000000063
-147.69,0.9320020592020588,0.7237934284496949,0,1.0790771000000063
-149.935,0.9324739409499355,0.850001675553942,0,1.0790771000000063
-145.19,0.9332830769230765,0.9318075908299368,0,1.0790771000000063
-140.25,0.9342355953905246,1.008742236983783,0,1.0790771000000063
-124.37,0.9360915601023013,1.097649084615025,0.19048680000000218,1.0790771000000063
-140.75,0.9377604086845461,1.1696804094232094,0.3663381000000072,1.0790771000000063
-153.87,0.9384678571428566,1.229693242117973,0.5358463000000029,1.0790771000000063
-151.56,0.9374033121019103,0.03959471428571427,0.7101176000000038,0
-145.25,0.9368651399491089,0.12281897925386709,0.8830506999999983,0
-126.31,0.9366825921219817,0.2033441904497958,0.8830506999999983,0
-126.75,0.9368269035532989,0.2834227978195543,0,0
-130.62,0.9369647655259817,0.3582729501038182,0,0
-127.94,0.9373731645569615,0.4375101313458967,0,0
-104.25,0.938410619469026,0.5224679845104536,0,0
-89.25,0.9397090909090905,0.6017168340679757,0,0
-80.75,0.9410774274905418,0.6780535613407029,0,0
-72.87,0.9420176322418131,0.7465957555399463,0,0
-75.87,0.9427280503144649,0.8183411661192913,0,0
-179.62,0.9442728643216076,0.9070714101444485,0,0
-176.75,0.9462112923462982,0.9889492392901771,0,0
-171.37,0.9484781954887214,1.0699661426778808,0,0
-175.56,0.9540584999999996,1.1947275261365273,0.17472049999999228,0
170.31,0.9570891385767787,1.2726362061365273,0.3447919999999982,0
168.62,0.9591680798004985,1.3340593372226697,0.5313036999999952,0
164.12,0.9612234122042338,1.4104967836067095,0.7041236999999967,0
154.87,0.963762189054726,1.4952506565830481,0.8769269999999949,0
133.81,0.9668571428571425,1.5814076317074262,1.0478498999999886,0
137.81,0.9703459057071957,1.6652282031359975,1.2202522999999985,0
137.69,0.9727444857496899,1.7253998755925732,1.3925337999999954,0
147.37,0.9717009900990096,0.04150177942998759,1.5641783999999888,0
-175.62,0.9710551297898636,0.12562985863790835,1.7505906999999894,0
-135.69,0.9707851851851848,0.20937826902109744,1.9064281999999935,0
-123.5,0.9711782983970402,0.29778508383591223,0,0
-105.56,0.9727487684729059,0.3946153477076755,0,0
-89.495,0.9768122850122846,0.5192411999244242,0,0
-76.0,0.9784422085889566,0.5906661827254069,0,0
-92.12,0.9795166666666661,0.6599415594125235,0,0
-88.31,0.9813018359853116,0.7499588927458568,0,0
-85.94,0.9837237163814175,0.8389510396246816,0,0
-111.81,0.9857284493284487,0.9109129369351951,0,0
-138.37,0.9870121951219507,0.9780272128814711,0,0
-169.94,0.9881451887941529,1.0545641884912274,0,0
148.81,0.9907591240875907,1.1580078035947596,0,0
113.25,0.9932602673147019,1.2355165335217668,0,0
127.5,0.9964203636363632,1.335907765599531,0,0
125.22,1.0011941958887542,1.4798862092358944,0,0
127.87,1.0045328502415454,1.5687017449069949,0,0
135.5,1.0082195416164048,1.6549683729263185,0,0
141.87,1.0124366265060236,1.7445779362556308,0.1735809000000046,0
136.25,1.0169039711191332,1.8299008663761127,0.3445339999999959,0
143.06,1.0201591346153842,1.8912611840656433,0.5153844000000021,0
143.31,1.0234914765906358,1.9742899148348738,0.6699046000000095,0
137.25,1.02772278177458,2.0712972329621246,0.8424784999999986,0
129.25,1.0328622754491015,2.168851055504091,1.011532900000006,0
133.5,1.0366760765550236,2.229520037540019,1.1842302000000018,0
140.69,1.0401342891278371,2.306654123664421,1.372078000000002,0
148.87,1.0443866348448683,2.4033128667946477,1.5431463999999977,0
-173.56,1.0497129916567338,2.505055797582237,1.7164669000000004,0
-135.31,1.0543380952380947,2.5774648369147757,1.8885539999999992,0
-113.31,1.0584242568370983,2.6529318845338232,2.062012699999997,0
-109.31,1.063040855106888,2.746701825080791,2.2350753999999995,0
-106.31,1.0686609727164884,2.848849093489342,2.4072414000000038,0
-102.37,1.0742388625592414,2.933853971306661,2.575785300000007,0
-101.31,1.0789439053254433,3.0052650803114,2.7486786999999993,0
-102.03,1.088511452184179,3.1377703489504527,2.9231599999999958,0
-109.25,1.093578301886792,3.228523265125187,2.9231599999999958,0
-107.62,1.0993644287396933,3.3284255292761302,0,0
-155.06,1.106636235294117,3.4418626835753057,0,0
130.75,1.1137428907168032,3.527873582398835,0,0
-133.62,1.1200173708920182,3.6030770136561796,0,0
-115.5,1.1333185011709597,3.7506070981632216,0,0
-110.94,1.1410259649122803,3.8534165782568985,0,0
-107.75,1.1481186915887847,3.9344826554498806,0,0
117.19,1.1542389731621931,4.009948150776983,0,0
119.69,1.16111282051282,4.115463268629959,0,0
135.715,1.1768204651162786,4.271820807091498,0,0
133.75,1.1839219512195116,4.3537264443008,0,0
141.87,1.190362412993039,4.437328200398361,0,0
156.12,1.1981325608342983,4.555765193437804,0,0
138.25,1.206418055555555,4.660831798304547,0,0
148.44,1.2147061271676296,4.757721242748992,0,0
165.0,1.223168591224018,4.858249732922402,0,0
128.62,1.2310214532871968,4.945871220220323,0.3726043000000061,0
154.87,1.238006912442396,5.0296089364832985,0.5472112000000067,0
176.62,1.2453730724971228,5.135545489478691,0.7199162000000001,0
155.19,1.2538363218390802,5.2545593352784605,0.8908923000000044,0
158.06,1.2523967853042477,0,1.060352800000004,0
150.37,1.2494559633027522,0.07395174282433982,1.2366288000000054,0
159.06,1.2466776632302405,0.17662821988855998,1.407437900000005,0
-179.81,1.2450562929061786,0.2964744329469792,1.5805847000000028,0
-137.37,1.2435693714285714,0.3983669363794735,1.768136400000003,0
-123.94,1.241022374429224,0.4792204860937592,1.969996100000003,0
-121.75,1.238879361459521,0.5854862760480971,2.1580577000000005,0
-115.75,1.2377430523917996,0.7021886249648588,2.3309145000000058,0
-121.75,1.237476678043231,0.8164560691562027,2.505123800000007,0
-120.31,1.2371195454545454,0.9138462033996612,2.674616999999998,0
-118.37,1.2366152099886492,1.0102077670360248,2.8457063999999974,0
-122.62,1.2362390022675736,1.1113769838351168,3.018234800000002,0
-123.81,1.234838958097395,0,3.171277900000007,0
-122.905,1.232014915254237,0.0488015583238958,3.3509645999999975,0
-122.09,1.2292514092446447,0.04953659661016948,3.524081300000006,0
-123.69,1.227867117117117,0,3.6872919000000053,0
-120.81,1.2264859392575926,0,3.6872919000000053,0
-101.56,1.225107865168539,0,4.0336089999999984,0
-82.5,1.2237328843995507,0,4.2060010000000005,0
-105.44,1.222360986547085,0,4.2060010000000005,0
-97.94,1.2209921612541992,0,4.569143600000004,0
-103.12,1.2196263982102906,0,4.569143600000004,0
-102.31,1.2182636871508377,0,4.569143600000004,0
-101.58333333333333,1.2141937639198215,0,4.569143600000004,0
-100.22104761904755,0.9840667870036099,0,4.569143600000004,0
-98.42697826087003,0.00031565217391304367,0,0,22.8563742
-103.655,0.0003142857142857145,0,0,23.2477848
-128.06,0.0003136069114470844,0,0,23.4169983
-146.12,0.0003129310344827588,0,0,23.6034027
-165.69,0.0003122580645161292,0,0,23.7619115
-120.81,0.0003115879828326182,0,0,23.933911
-149.44,0.0003109207708779445,0,0,24.0896619
175.25,0.0003102564102564104,0,0,24.2456363
-135.19,0.00030959488272921124,0,0,24.4185449
-146.19,0.00030893617021276613,0,0,24.592042
-170.06,0.00030828025477707023,0,0,24.7489572
-160.12,0.000307627118644068,0,0,24.9221675
-134.87,0.0003069767441860467,0,0,25.0939875
-141.56,0.0003063291139240508,0,0,25.2662569
-150.87,0.00030568421052631597,0,0,25.4370438
-172.81,0.00030504201680672284,0,0,25.593539
-144.06,0.0003044025157232706,0,0,25.7668225
-157.69,0.0002577405857740587,-0.00042782389937106924,0,25.9808218
-153.94,6.68058455114824e-05,-0.0017912046525091446,0,25.9808218
-173.81,0.00017000000000000012,0.0009946722338204594,0,26.3278671
-139.37,0.0005072765072765074,0.00326427223382046,0,26.3278671
-160.12,0.00021825726141078852,-0.00271914564559742,0,26.3278671
-171.12,-0.0005979296066252587,-0.007805685064684556,0,26.3278671
-142.75,-0.001558677685950413,-0.009285519433214578,0,26.3278671
-163.44,-0.002418144329896907,-0.008466213648090611,0,26.3278671
-164.37,-0.002375308641975309,0.00027127422680412377,0,27.3628289
-152.5,-0.0023704312114989734,0,0,27.5213843
-163.87,-0.0023401639344262297,0.00015318275154004105,0,27.6761037
-169.81,-0.0023353783231083846,0,0,27.8466506
-153.745,-0.0023258655804480654,0,0,28.0452723
-161.44,-0.001943089430894309,0.003626965376782078,0,28.2088985
-163.31,-0.0015432048681541582,0.0036555182223105332,0,28.2088985
-164.06,-0.0018469635627530365,-0.0034039381671418004,0,28.2088985
-160.37,-0.002542222222222222,-0.007439695252162043,0,28.2088985
-177.56,-0.0025056451612903226,-0.0004110730299398211,0,28.2088985
-153.62,-0.002503018108651911,-0.000947524642843047,0,28.2088985
-169.25,-0.0019196787148594372,0.0046362339084648,0,28.2088985
174.25,-0.0019158316633266527,0,0,29.3535152
-172.905,-0.0028950099800399195,-0.007981899799599198,0,29.3535152
-168.56,-0.004445418326693227,-0.016085500598002393,0.17313829999999797,29.3535152
-166.44,-0.007383697813121272,-0.030465134064137853,0.3437917999999982,29.3535152
-162.62,-0.01138888888888889,-0.04192782988918756,0,29.3535152
-159.44,-0.014944158415841586,-0.03845494100029867,0,29.3535152
-156.94,-0.018805533596837946,-0.042890473673566,0,29.3535152
-153.25,-0.02300986193293886,-0.04802691636131303,0,29.3535152
-146.75,-0.02791102362204725,-0.05711570531594814,0,29.3535152
-145.87,-0.03440943025540275,-0.07580458720571191,0,29.3535152
-143.81,-0.0428486274509804,-0.09861334162614414,0,29.3535152
-145.155,-0.062359375,-0.1212271769202618,0,29.3535152
-144.25,-0.07067003891050583,0,0,1.4744829000000017
-142.71333333333334,-0.06772543021032504,-0.026115206225680934,0.01178769999999929,1.6424553999999993
-141.5,-0.09083863636363636,-0.09022530947615895,0,1.6424553999999993
-148.62,-0.09770661625708883,-0.10930840038524986,0,1.6424553999999993
-153.87,-0.1029064150943396,-0.09971692968581697,0,1.6424553999999993
-162.75,-0.10722787193973632,-0.09882944289336414,0,1.6424553999999993
-173.5,-0.11173759398496239,-0.10958367264854305,0,1.6424553999999993
73.06,-0.1164075046904315,-0.12041068016734004,0,1.6424553999999993
79.37,-0.12193333333333332,-0.13905128054257457,0.16115990000000124,1.6424553999999993
95.12,-0.1294093457943925,-0.16989394720924123,0.31771630000000073,1.6424553999999993
133.62,-0.13815,-0.19410269487279264,0.31771630000000073,1.6424553999999993
-155.12,-0.1479486033519553,-0.21686669487279264,0,1.6424553999999993
-154.19,-0.15830706319702603,-0.23511858314094905,0.0037292000000022085,1.6424553999999993
-129.94,-0.16890241187384047,-0.2507511481967111,0.15990010000000154,1.6424553999999993
-144.62,-0.17978888888888891,-0.2678313411466184,0.3168103000000002,1.6424553999999993
-142.0,-0.179456561922366,0,0,0.15825860000000347
131.94,-0.17948634686346865,-0.01826852495378928,0,0.15825860000000347
120.81,-0.1800707182320442,-0.03865143270286677,0,0.15825860000000347
122.465,-0.18413137614678904,-0.08062791889071207,0.19593380000000593,0.15825860000000347
130.06,-0.18836923076923082,-0.11501442898245519,0.19593380000000593,0.15825860000000347
154.62,-0.1936862888482633,-0.14205996744399366,0,0.15825860000000347
-123.94,-0.19979197080291977,-0.16641087055185472,0,0.15825860000000347
-167.19,-0.19942805100182157,0,0,0.6667519999999953
173.69,-0.19835709090909096,-0.008162244080145726,0.1718213999999989,0.6667519999999953
-135.94,-0.19655970961887484,-0.015982811352873,0,0.6667519999999953
-151.31,-0.1941115942028986,-0.02445158812238299,0,0.6667519999999953
71.19,-0.191042314647378,-0.03301251565861488,0,0.6667519999999953
103.0,-0.18777111913357405,-0.045935900830405114,0,0.6667519999999953
124.0,-0.1846875675675676,-0.06290959036109105,0,0.6667519999999953
-130.12,-0.182158273381295,-0.08372459576649645,0,0.6667519999999953
-127.69,-0.18131418312387798,-0.11696925763700004,0,0.6667519999999953
-125.44,-0.18205519713261656,-0.1491303922869103,0,0.6667519999999953
-117.56,-0.1841431127012523,-0.17878280805751962,0,0.6667519999999953
-111.37,-0.18726928571428578,-0.2052262570736198,0,0.6667519999999953
-109.75,-0.190564705882353,-0.22223179993076267,0,0.6667519999999953
-109.12,-0.1930669039145908,-0.22869297640135092,0,0.6667519999999953
-139.94,-0.19471332149200718,-0.23460232871451817,0,0.6667519999999953
-125.62,-0.19581347517730505,-0.24408339443387875,0,0.6667519999999953
79.75,-0.19706265486725671,-0.26147647244806316,0,0.6667519999999953
102.12,-0.19851448763250892,-0.27958548483744367,0,0.6667519999999953
104.31,-0.20100881834215173,-0.3073466438480444,0.17612230000000295,0.6667519999999953
106.25,-0.20504929577464795,-0.3410913493154165,0.34848490000000254,0.6667519999999953
121.81,-0.2102003514938489,-0.3702952929773884,0.34848490000000254,0.6667519999999953
-129.5,-0.2162224561403509,-0.3972473210968963,0,0.6667519999999953
-107.62,-0.22271593695271458,-0.42016911758812436,0,0.6667519999999953
-112.5,-0.23360000000000006,-0.4318790300224501,0,0.6667519999999953
-118.06,-0.23835052264808365,-0.4463110300224501,0,0.6667519999999953
-161.5,-0.24314713043478264,-0.46609907183429683,0,0.6667519999999953
96.87,-0.2483527777777778,-0.4904548422690794,0,0.6667519999999953
96.69,-0.2480720970537262,-0.011662111111111113,0,1.1431217000000018
100.37,-0.24949134948096888,-0.05114787887540921,0,1.1431217000000018
123.5,-0.25225423143350606,-0.08672318683388672,0,1.1431217000000018
-145.56,-0.2561020689655173,-0.1195995253485672,0,1.1431217000000018
-136.06,-0.26086127366609296,-0.15083169086580858,0,1.1431217000000018
-130.75,-0.26597182130584196,-0.175980592759096,0,1.1431217000000018
-135.31,-0.27031698113207553,-0.18853833846356335,0,1.1431217000000018
-134.31,-0.27377191780821925,-0.1999396969541294,0,1.1431217000000018
99.44,-0.2733039316239317,0,0,2.6077549000000033
78.185,-0.27370017035775135,-0.0423964717948718,0,2.6077549000000033
81.25,-0.27479455782312934,-0.0730364854234919,0,2.6077549000000033
88.62,-0.277790831918506,-0.11746805004934226,0,2.6077549000000033
155.12,-0.281966779661017,-0.15373131660282274,0,2.6077549000000033
-135.69,-0.28696243654822345,-0.18614465897570412,0,2.6077549000000033
-137.75,-0.2925608108108109,-0.216437653899562,0,2.6077549000000033
-125.56,-0.29783743676222607,-0.23625051876442685,0,2.6077549000000033
-138.5,-0.30222828282828296,-0.24976551370540492,0.16028490000000062,2.6077549000000033
-157.31,-0.30590184873949594,-0.2655837763316676,0,2.6077549000000033
92.62,-0.305581879194631,-0.014540073949579839,0,0.3241812000000053
91.5,-0.3055584589614741,-0.04251462428515032,0,0.3241812000000053
92.25,-0.30649966555183955,-0.07849530100206825,0.19137340000000336,0.3241812000000053
105.25,-0.30903505843071793,-0.12215127424621541,0.19137340000000336,0.3241812000000053
-173.62,-0.31272466666666676,-0.16082607892067285,0,0.3241812000000053
-137.62,-0.3170422628951748,-0.19354005225400622,0,0.3241812000000053
-133.62,-0.32216345514950173,-0.22875143328562023,0,0.3241812000000053
-131.62,-0.3261605306799338,-0.24117250969758036,0,0.3241812000000053
-145.87,-0.3286337748344372,-0.24901735215197507,0,0.3241812000000053
107.0,-0.33075371900826456,-0.27113205413873004,0,0.3241812000000053
91.81,-0.3334198019801981,-0.30429635165939123,0,0.3241812000000053
89.12,-0.3372336079077431,-0.34500993581780703,0,0.3241812000000053
94.31,-0.3431993421052633,-0.3983086244504265,0,0.3241812000000053
119.81,-0.350472906403941,-0.44193257181884754,0,0.3241812000000053
164.25,-0.3585488524590165,-0.48005040433116286,0,0.3241812000000053
167.5,-0.367066448445172,-0.5144543125278842,0,0.3241812000000053
157.44,-0.37476470588235306,-0.534131628403498,0,0.3241812000000053
164.31,-0.3806003262642742,-0.5415848048740863,0,0.3241812000000053
173.87,-0.3856508143322477,-0.5626248309752283,0,0.3241812000000053
-143.75,-0.3907030894308944,-0.5937008961218081,0,0.3241812000000053
-144.37,-0.39595064935064944,-0.6275651432762797,0,0.3241812000000053
-158.12,-0.4017452188006484,-0.6662011952243316,0,0.3241812000000053
107.31,-0.4094375404530745,-0.7220288127283835,0,0.3241812000000053
98.12,-0.41872374798061396,-0.7748238159646295,0,0.3241812000000053
109.31,-0.4288664516129033,-0.8193137158030787,0,0.3241812000000053
-161.31,-0.43988792270531407,-0.864943031932111,0,0.3241812000000053
-140.94,-0.43904951768488754,-0.01596351690821256,0,3.9900592999999986
-142.31,-0.4365136436597111,-0.02990347832300356,0,3.9900592999999986
135.12,-0.43353782051282064,-0.05923256981578045,0,3.9900592999999986
91.94,-0.4307974400000001,-0.09673959545680609,0,3.9900592999999986
93.44,-0.4286517571884985,-0.1385393906568061,0,3.9900592999999986
92.25,-0.427353110047847,-0.18336753123188598,0,3.9900592999999986
106.19,-0.4278464968152867,-0.24001178003571375,0,3.9900592999999986
179.69,-0.4299942766295708,-0.29507149978093666,0,3.9900592999999986
-135.12,-0.4329898412698413,-0.34023904191130233,0,3.9900592999999986
-131.06,-0.43598478605388274,-0.37499022921288966,0,3.9900592999999986
-126.44,-0.439270253164557,-0.4136610120972003,0,3.9900592999999986
-139.0,-0.4420214849921011,-0.44217063235036486,0,3.9900592999999986
-139.37,-0.44379369085173503,-0.46522835114973293,0,3.9900592999999986
-141.47,-0.4468333333333334,-0.5164275940519412,0,3.9900592999999986
-140.236,-0.46328985959438385,-0.6605875940519411,0,3.9900592999999986
-146.56,-0.46899688473520257,-0.7140187828194918,0,3.9900592999999986
175.12,-0.4755533437013998,-0.762690533598308,0,3.9900592999999986
101.56,-0.48272360248447216,-0.8089028010944199,0,3.9900592999999986
96.12,-0.49000930232558154,-0.8492966892931777,0,3.9900592999999986
119.0,-0.49600743034055744,-0.8721534334792242,0,3.9900592999999986
-157.12,-0.5008253477588873,-0.8968020279064689,0,3.9900592999999986
-130.685,-0.5093922958397537,-0.9500930696375355,0,3.9900592999999986
-145.19,-0.513886153846154,-0.9939964533047158,0,3.9900592999999986
172.87,-0.519509677419355,-1.049995345612408,0,3.9900592999999986
99.25,-0.525052147239264,-1.0907241198059565,0.16140829999999795,3.9900592999999986
81.69,-0.5307160796324657,-1.1345362915850976,0.003937400000005198,3.9900592999999986
56.5,-0.5365828746177371,-1.1798735779556948,0.17386040000000236,3.9900592999999986
34.44,-0.5428042748091604,-1.227680207925114,0.3598632000000066,3.9900592999999986
37.94,-0.5492201219512196,-1.2739045499098467,0.5159714000000051,3.9900592999999986
31.698333333333334,-0.5900513595166165,-1.4371101840561882,0.709742900000002,3.9900592999999986
39.19,-0.5972681749622928,-1.4873542928175174,0.874241700000006,3.9900592999999986
42.30461538461539,-0.6182905325443788,0,1.074917500000005,0
40.98,-0.6133583577712611,0,1.279607900000002,0
40.12571428571429,-0.6071727140783746,0,48.26449710000001,0
39.26,-0.6002266857962699,0,48.26449710000001,0
38.36125,-0.5934156028368796,0,48.26449710000001,0
37.485,-0.5867573632538571,0,48.26449710000001,0
36.644,-0.5786417704011066,0,48.26449710000001,0
35.79090909090909,-0.5699700272479565,0,48.26449710000001,0
34.94384615384615,-0.5600508701472559,0,48.26449710000001,0
34.10130434782609,-0.5433220779220781,0,48.26449710000001,0
33.410857142857175,-0.5196993788819877,0,48.26449710000001,0
32.62228571428572,-0.49804523809523826,0,48.26449710000001,0
32.005652173913056,-0.48477172653534195,0,48.26449710000001,0
31.2547619047619,-0.47325565610859743,0,48.26449710000001,0
30.39549999999999,-0.46278539823008863,0,48.26449710000001,0
29.368333333333336,-0.45081681034482773,0,48.26449710000001,0
28.74857142857143,-0.4441167728237793,0,48.26449710000001,0
27.985555555555557,-0.43578958333333345,0,48.26449710000001,0
27.25160000000001,-0.4247289340101524,0,48.26449710000001,0
26.547391304347826,-0.41503769841269855,0,48.26449710000001,0
25.75857142857143,-0.4093522504892369,0,48.26449710000001,0
25.032727272727275,-0.40072605363984687,0,48.26449710000001,0
24.308965517241376,-0.3898956197576888,0,48.26449710000001,0
23.557297297297296,-0.3768990990990992,0,48.26449710000001,0
22.783529411764707,-0.36569755244755253,0,48.26449710000001,0
22.075581395348838,-0.3524498736310026,0,48.26449710000001,0
21.378749999999997,-0.3409600651996741,0,48.26449710000001,0
20.574428571428548,-0.32255821125674644,0,48.26449710000001,0
20.12,-0.3223097072419107,0,48.26449710000001,0
18.465714285714284,-0.3205808429118775,0,48.26449710000001,0
17.32,-0.3186275704493527,0,48.26449710000001,0
21.566585365853623,0.0023089430894308927,0.000496,0,0
21.095594059405943,-0.006611692307692308,-0.011188422764227643,20.8143923,0
15.5,-0.008966871165644172,-0.01509335814884303,20.8143923,0
-2.62,-0.012137003058103975,-0.021234707842094563,20.8143923,0
-7.0,-0.0121,0,20.8143923,0.6523603999999992
-4.5,-0.012312462006079026,-0.002608,0,0.6523603999999992
36.5,-0.011094545454545452,0.007299501519756839,0,0.9770857999999976
113.25,-0.008437462235649546,0.015987937883393203,0,0.9770857999999976
112.31,-0.005042168674698794,0.02032094090454124,0,0.9770857999999976
87.31,-0.0021585585585585576,0.016645567410565335,0,0.9770857999999976
84.75,0.0005856287425149714,0.01565688272588065,0,0.9770857999999976
123.69,-0.0007199999999999986,-0.01132026697471815,0.15802960000000255,0.9770857999999976
142.06,-0.004465476190476189,-0.02782586697471815,0.31017000000000294,0.9770857999999976
118.0,-0.009585756676557863,-0.03759910506995624,0,0.9770857999999976
90.25,-0.015925443786982248,-0.046813965604080875,0,0.9770857999999976
107.75,-0.02208259587020649,-0.04710400110703945,0,0.9770857999999976
131.31,-0.026049411764705883,-0.03422260877665596,0,0.9770857999999976
-168.69,-0.028497360703812313,-0.026106561717832433,0,0.9770857999999976
-176.87,-0.029872514619883037,-0.02114635057413742,0,0.9770857999999976
122.69,-0.030233236151603497,-0.016632151743728063,0.17009320000000017,0.9770857999999976
110.19,-0.031849999999999996,-0.027706810635856345,0.3459259999999986,0.9770857999999976
137.25,-0.03717217391304348,-0.05588681063585635,0.5156615999999978,0.9770857999999976
176.31,-0.050971757925072046,-0.07385947150542156,0,0.9770857999999976
150.5,-0.060000000000000005,-0.09092121213942732,0,0.9770857999999976
119.5,-0.06995988538681949,-0.10258521213942731,0,0.9770857999999976
119.44,-0.07899314285714287,-0.10209400297037287,0,0.9770857999999976
151.44,-0.07876809116809118,0,0,0.8197652000000026
172.56,-0.0792034090909091,-0.010941447293447294,0,0.8197652000000026
162.44,-0.08024815864022664,-0.021597720020720024,0,0.8197652000000026
117.37,-0.08273333333333335,-0.03825757271193816,0.17635310000000004,0.8197652000000026
101.5,-0.08830422535211269,-0.06688423937860483,0.3314243000000019,0.8197652000000026
82.19,-0.09505730337078652,-0.08258857740677385,0.48856180000000293,0.8197652000000026
79.87,-0.10186890756302522,-0.09088116167643677,0.6595717000000008,0.8197652000000026
91.69,-0.10896759776536313,-0.10135867428147878,0,0.8197652000000026
112.37,-0.1093481894150418,-0.009270703910614526,0,0.35638450000000077
143.44,-0.11134888888888891,-0.02969855906381787,0,0.35638450000000077
160.19,-0.11123324099722993,-0.02340647017492898,0,0.35638450000000077
155.94,-0.10858121546961329,-0.013937129454707372,0,0.35638450000000077
152.87,-0.10569035812672178,-0.020783626692276434,0,0.35638450000000077
155.845,-0.10121972602739727,-0.03907446966748305,0,0.35638450000000077
153.12,-0.10001639344262298,-0.05359604774967483,0,0.35638450000000077
151.25,-0.09950543478260872,-0.0738300149627896,0,0.35638450000000077
151.965,-0.10131135135135139,-0.09448266713670266,0,0.35638450000000077
151.45666666666668,-0.10098123324396786,-0.09305248335291888,0,0.35638450000000077
152.348,-0.0851650793650794,-0.09933597933147117,0,0.35638450000000077
151.185,-0.07752736842105266,-0.10701978885528071,0.18381580000000142,0.35638450000000077
153.25,-0.06927748691099479,-0.11419507306580705,0.3938420000000029,0.35638450000000077
153.45,-0.0491896373056995,-0.11843457044800602,0.5937723000000013,0.35638450000000077
154.5,-0.03759485861182522,-0.14234491241691796,0.818351400000001,0.35638450000000077
156.19,-0.03749846153846156,0,1.0421001000000025,0
163.37,-0.03797647058823531,-0.007487876923076925,1.2349024000000028,0
150.56,-0.03885306122448982,-0.013669994570135749,1.4046713000000004,0
86.19,-0.03844987277353692,0.0008378775510204078,1.591787,0
87.37,-0.0375299492385787,0.0018498877291374541,1.7793340999999998,0
161.0,-0.0360901265822785,0.0029914917900511584,1.9652843000000004,0
-155.87,-0.034736363636363655,-0.0005197183365311219,2.1486319000000016,0
-147.62,-0.03464886649874058,0,2.1486319000000016,0.1592386999999995
-130.56,-0.035023115577889466,-0.006443909319899246,0,0.1592386999999995
-146.31,-0.03457744360902258,-0.002717758566130403,0,0.1592386999999995
-161.06,-0.033002000000000024,0.0035720459451477906,0,0.1592386999999995
132.44,-0.03077406483790526,0.006227885945147788,0,0.1592386999999995
127.87,-0.030697512437810968,0,0,1.0481860999999988
113.19,-0.030934987593052132,-0.0037559004975124387,0,1.2332615999999987
116.0,-0.03202673267326735,-0.013142699504956609,0,1.2332615999999987
126.5,-0.03405530864197533,-0.023336838118817996,0,1.2332615999999987
146.25,-0.0339714285714286,0,0,1.8282548999999975
159.37,-0.033885012285012305,-0.0026937142857142876,0.19245570000000356,1.8282548999999975
168.12,-0.033520588235294135,-0.0031325152685152723,0.37969060000000354,1.8282548999999975
-173.69,-0.03339070904645479,-0.007718162327338803,0.5533971999999991,1.8282548999999975
-131.0,-0.03427512195121953,-0.018701419051055188,0.7250615000000025,1.8282548999999975
-116.62,-0.037263260340632626,-0.03877142880715276,0.8955416000000014,1.8282548999999975
-107.06,-0.041091262135922346,-0.04879248963440337,1.0681277999999992,1.8282548999999975
-119.37,-0.04487845036319615,-0.05189579060527716,1.239329000000005,1.8282548999999975
-130.31,-0.048328502415458954,-0.05284606663433285,1.239329000000005,1.8282548999999975
-140.31,-0.05204819277108435,-0.05908834682756956,0,1.8282548999999975
179.44,-0.052022115384615396,-0.002905927710843374,0,0.5437261000000007
145.87,-0.052097841726618715,-0.007915696941612607,0,0.5437261000000007
132.5,-0.05198468899521532,-0.010507524279742105,0,0.5437261000000007
122.06,-0.050592840095465406,-0.003946299399359331,0,0.5437261000000007
111.37,-0.04840857142857144,-0.0012817266069965628,0,0.5437261000000007
91.44,-0.048293586698337304,0,0,1.4165954999999997
71.87,-0.04834597156398105,-0.005271486935866984,0,1.4165954999999997
59.845,-0.04885754716981133,-0.01231300352354471,0,1.4165954999999997
63.0,-0.04869929411764707,-0.013205607297129617,0.16953469999999982,1.4165954999999997
79.75,-0.048419718309859174,-0.016061550826541385,0.3745619999999974,1.4165954999999997
116.12,-0.04841405152224826,-0.02226312829133012,0.5620864999999995,1.4165954999999997
145.06,-0.04838224299065422,-0.02591225241310998,0.7342432999999957,1.4165954999999997
-168.25,-0.05035617715617717,-0.046990831852362316,0.9072739999999939,1.4165954999999997
-142.995,-0.057349419953596305,-0.06728157311110358,1.0961049999999943,1.4165954999999997
-135.095,-0.06083972286374136,0,1.2802447999999984,0
-136.69,-0.06069953917050693,0,1.2802447999999984,0
-152.62,-0.06094712643678163,-0.008223963133640554,0,0
156.81,-0.06220917431192662,-0.021955733248583083,0,0
108.12,-0.06391304347826089,-0.030844467193537214,0,0
120.19,-0.0644082191780822,-0.025437510671798086,0,0
169.31,-0.06379681093394078,-0.02089416820604466,0,0
-154.12,-0.0636518181818182,0,0,1.2436974999999961
-142.81,-0.06350748299319729,0,0,1.4032538000000017
-130.44,-0.06362986425339368,-0.007432598639455784,0,1.4032538000000017
-114.94,-0.06375620767494357,-0.012562987779727277,0,1.4032538000000017
-104.25,-0.06368828828828829,-0.015943484393722764,0.1584245000000024,1.4032538000000017
-103.155,-0.06343946188340809,-0.023266078988317358,0.3489672999999982,1.4032538000000017
-111.0,-0.06428724832214766,-0.03683723593899001,0.535045199999999,1.4032538000000017
-135.25,-0.06652053571428572,-0.05442821580476182,0.704984599999996,1.4032538000000017
166.75,-0.06955812917594655,-0.06706185866190467,0.876184600000002,1.4032538000000017
109.75,-0.07307377777777778,-0.0770505089959804,1.0470710000000025,1.4032538000000017
100.5,-0.07275033259423504,-0.0014669511111111112,1.235697799999997,0
93.5,-0.07197345132743363,-0.0031749777186499137,1.4222576000000018,0
83.12,-0.0708317880794702,-0.005596853824844604,1.588884499999999,0
70.12,-0.0697013215859031,-0.01131939687120222,1.588884499999999,0
64.31,-0.06912087912087912,-0.021855502598074467,0,0
78.94,-0.06917368421052632,-0.0331371729277448,0,0
114.25,-0.06883763676148798,-0.0351190676645869,0,0
156.19,-0.06757467248908298,-0.03212207860550594,0,0
-170.12,-0.06591111111111111,-0.03380005240463258,0,0
-157.94,-0.06412869565217391,-0.03791294129352147,0,0
-144.75,-0.06275835140997832,-0.04677123694569538,0,0
-125.75,-0.062038961038961046,-0.05775190505849364,0,0
-109.5,-0.06155161987041038,-0.06483502194161052,0,0
-110.12,-0.060756034482758625,-0.06687915153124335,0.6908853999999991,0
-123.19,-0.060259784946236565,-0.07449163428986404,0.8644164999999973,0
-149.69,-0.05995708154506438,-0.08109641708556296,1.0191171000000026,0
158.25,-0.06212419700214133,-0.1089489836091681,1.193409299999999,0
111.5,-0.06523504273504274,-0.12283891936933941,1.360099599999998,0
86.69,-0.06509594882729211,0,1.5293630000000036,0
67.81,-0.06495744680851064,0,1.7489074000000002,0
49.63,-0.06455031847133759,-0.002660595744680851,1.7532490000000038,0
44.94,-0.06446186440677966,-0.010816621222387858,0,0
56.38,-0.06556955602536998,-0.02728557037493023,0,0
20.405265017667965,0.029956890459363963,0.043800000000000006,32.0748008,0
16.56,0.034539682539682544,0.05496455123674912,32.0748008,0
25.19,0.0394274647887324,0.06137572583992373,32.0748008,0
40.81,0.044048506151142364,0.06168992302302232,32.0748008,0
78.37,0.0483340350877193,0.06157380351511371,32.0748008,0
146.25,0.048249387040280214,0,32.0748008,0
70.44,0.04816503496503497,0,32.0748008,0
55.81,0.04803350785340314,0.0013826013986013986,32.0748008,0
52.94,0.04831289198606272,0.00993728202687365,32.0748008,0
91.0,0.048721391304347834,0.015298313385758669,33.8402445,0
-151.56,0.04951736111111112,0.023676024690106497,33.9942292,0
146.56,0.048942114384748714,0.011845413578995384,34.1661761,0
81.37,0.049655363321799324,0.03063278272977528,34.3194749,0
84.37,0.0516490500863558,0.049461211795519225,34.3194749,0
89.37,0.054572413793103465,0.06445713580242769,34.6664233,0
112.44,0.05887091222030982,0.08491892890587598,34.8370778,0
167.0,0.06266460481099659,0.08392460188350076,35.011625,0
173.62,0.06696123499142369,0.09495377026838049,35.2122838,0
106.69,0.07215479452054796,0.11095866906769439,35.3812311,0
102.37,0.07848068376068378,0.13018705262933822,35.3812311,0
102.06,0.08563344709897612,0.14640950733019292,35.3812311,0
133.75,0.0934916524701874,0.161828183098111,35.9458756,0
179.69,0.10250680272108843,0.183227515295726,36.1037771,0
-178.12,0.11128760611205434,0.18902805951341306,36.2629198,0
168.06,0.12045830508474577,0.2028830680023774,36.4172645,0
117.12,0.13007377326565145,0.21814373240915705,36.591193,0
121.75,0.14031013513513516,0.23628563427040916,36.591193,0
123.37,0.15151096121416527,0.25935844508121997,36.591193,0
121.56,0.1631158249158249,0.27672732197835315,37.0737438,0
154.69,0.17567865546218486,0.3016405879716192,37.2302849,0
179.69,0.1889355704697986,0.32447088040859395,37.4021437,0
179.81,0.2030693467336683,0.3505857260461779,37.5701239,0
171.31,0.21774381270903007,0.37386327378487133,37.7914675,0
132.12,0.2330090150250417,0.39894677880159374,37.9589114,0
141.81,0.24928666666666663,0.4303475000035971,37.9589114,0
116.87,0.26596405990016636,0.4557464333369305,38.3040268,0
129.31,0.2833269102990033,0.4859435581289438,38.4773272,0
147.31,0.3025870646766169,0.532185710952864,0,0
-170.25,0.3225827814569536,0.5660486761269934,0,0
-175.37,0.3433461157024793,0.6019432986435497,0.005687999999999249,0
158.44,0.36438481848184817,0.6335789878997481,0.1730552000000003,0
141.31,0.3859334431630972,0.669761773378296,0,0
166.62,0.40835263157894736,0.7120844488313438,0,0
178.62,0.4309372742200328,0.7476646593576596,0.17956039999999973,0
165.75,0.4543475409836065,0.7931156412952622,0,0
-179.51666666666665,0.5288802610114193,0.8896272478526394,0,0
170.0,0.5537980456026058,0.9304656687335529,0.009145000000003733,0
158.03,0.6036811688311688,0.9976734342058655,0.19145740000000444,0
133.19,0.6285698541329011,1.0478479277123591,0.19145740000000444,0
126.31,0.6276116504854369,0.025870794165316045,0.5395466000000013,0
137.94,0.6268962843295638,0.079047726204151,0.7101227000000065,0
166.56,0.6261748387096774,0.12909542895051612,0.7101227000000065,0
-156.31,0.6254106280193236,0.17862941604729032,0,0
21.51837209302324,-3.7209302325581394e-05,0,0,17.2621812
20.06,-3.7037037037037037e-05,0,0,17.2621812
18.25,-3.669724770642202e-05,0,0,17.2621812
17.03,-3.6363636363636364e-05,0,0,17.2621812
30.94,-3.6199095022624436e-05,0,0,17.2621812
49.38,-3.603603603603604e-05,0,0,17.2621812
76.87,-3.587443946188341e-05,0,0,17.2621812
179.06,-3.571428571428572e-05,0,0,17.2621812
-179.06,-3.555555555555555e-05,0,0,17.2621812
84.19,-3.5398230088495574e-05,0,0,17.2621812
112.37,-3.524229074889868e-05,0,0,17.2621812
156.5,-3.508771929824561e-05,0,0,17.2621812
165.94,-3.4934497816593884e-05,0,0,17.2621812
155.81,-0.003396521739130435,-0.01546679475982533,0,17.2621812
135.25,-0.00837922077922078,-0.023362516498955765,0,17.2621812
127.19,-0.012393103448275862,-0.019736854161293428,0,17.2621812
130.06,-0.014825751072961375,-0.013520302437155495,0,17.2621812
155.19,-0.016577777777777778,-0.011618362522992406,0,17.2621812
162.19,-0.019783829787234045,-0.01984858474521463,0,17.2621812
171.56,-0.025066101694915258,-0.031359291128193356,0,17.2621812
171.37,-0.03255527426160338,-0.044036579263786575,0,17.2621812
161.19,-0.032418487394957986,0,0,21.2443017
145.25,-0.032761506276150626,-0.004881478991596638,0,21.2443017
116.12,-0.03355166666666667,-0.00966239949368869,0.8674625999999996,21.2443017
92.5,-0.03459253112033195,-0.013586532827022022,1.0430793999999999,21.2443017
97.31,-0.03582809917355372,-0.017337935316648578,1.2151913999999984,21.2443017
99.25,-0.03559835390946502,-0.001033123966942149,1.3889691999999982,0
103.25,-0.0346704918032787,-0.00046499227969935093,1.5593360999999994,0
108.5,-0.033874285714285725,-0.0038466316239616468,1.7197555999999992,0
117.69,-0.03372845528455285,-0.009724574481104507,1.8891944999999986,0
123.56,-0.03350445344129556,-0.0009171382113821139,2.0649613,0
125.715,-0.0328979919678715,0.0003398218623481776,2.2434403999999972,0
126.685,-0.030031872509960172,0.0029760628262035984,2.2434403999999972,0
129.0,-0.02702698412698414,0.006853513025406785,2.2434403999999972,0
131.06,-0.02207905138339922,0.014643354295248052,2.2434403999999972,0
133.72,-0.014605490196078444,0.001289868129240146,2.9598756,0
135.87333333333333,-0.01847131782945738,-0.022735010302132406,3.1325344999999984,0
137.595,-0.0169846153846154,-0.010903568441667292,3.3136836999999986,0
139.75,-0.01478467432950193,-0.007270337672436523,3.483843199999999,0
141.31,-0.01191603053435116,-0.0048611116187966775,3.6580049999999993,0
143.8578947368421,0.14665765124555155,0.009422063953722389,0.04015010000000174,0
144.81199999999998,0.14948251748251742,0.04220922419928825,0,0
145.69,0.1539261324041811,0.06391982559788964,0,0
149.19,0.15919583333333326,0.08116991619022412,0,0
152.37,0.16516816608996532,0.09817758285689078,0,0
150.44,0.1710441379310344,0.111071036144088,0.3626940999999988,0
152.44,0.1709470790378006,0.09022656717857075,0.5344818999999994,0
160.62,0.16927123287671225,0.0946783335015948,0.7074847999999996,0
-179.56,0.1682539249146757,0.11201203213173178,0.8753178000000013,0
-179.62,0.16780952380952374,0.007482156996587028,0,0.8268564999999981
-175.06,0.1712461016949152,0.043786918901348934,0,0.8268564999999981
90.31,0.1761959459459459,0.06658260703694215,0,0.8268564999999981
67.0,0.18183299663299657,0.08495828271261782,0,0.8268564999999981
77.12,0.1868107382550335,0.09580092244325755,0.17964140000000128,0.8268564999999981
75.87,0.18685618729096984,0.08144978150366022,0.34687400000000324,0.8268564999999981
102.62,0.1854106666666666,0.08745427648693782,0.5180817000000033,0.8268564999999981
-167.06,0.18486777408637867,0.007856426666666664,0,0
178.75,0.18567549668874167,0.03078184859357696,0,0
-175.75,0.19012541254125406,0.06773988832867629,0,0
163.31,0.19603815789473678,0.09202192133197662,0,0
80.94,0.20282098360655731,0.11324897396355556,0.1725601999999995,0
91.06,0.205835294117647,0.10668265265208014,0.3580798999999999,0
102.75,0.20538371335504882,0.1019894761814919,0.5303927000000002,0
125.87,0.20463246753246747,0.11655617324989581,0.6975386999999991,0
-158.81,0.2067508090614886,0.1506307706524932,0,0
179.5,0.21143225806451607,0.18314683537741228,0,0
174.81,0.21698778135048225,0.20568541602257356,0,0
93.0,0.22023205128205126,0.20884443853061213,0.38063809999999876,0
92.69,0.22074121405750793,0.20947100263317622,0.5669489999999975,0
109.0,0.22087515923566875,0.22479429975777684,0.7371804999999974,0
116.25,0.22262222222222214,0.2526323124966303,0.7371804999999974,0
-168.06,0.22244430379746827,0.012232888888888887,1.0807316,0
-167.37,0.2236605678233438,0.03886043319268635,1.2669190000000015,0
-170.12,0.22506289308176095,0.057985278618553855,1.4697877999999989,0
119.5,0.22457805642633225,0.06400631006509473,1.6410170999999991,0
91.12,0.22478874999999995,0.0864045545792013,1.8129342000000008,0
84.19,0.22557133956386288,0.1080676545792013,2.000080799999999,0
88.06,0.22553913043478255,0.12089736174431032,2.185632499999997,0
93.56,0.22623281733746126,0.1436284921790929,2.3703436999999994,0
42.69,0.22567901234567897,0.1536711175660898,2.543907400000002,0
0.88,0.22578830769230768,0.17601343855374413,2.7313034000000016,0
-2.19,0.2261337423312883,0.19562050316912874,2.9038147999999993,0
9.81,0.22547889908256877,0.009285349693251533,3.1078788000000017,0
13.030000000000001,0.22474042553191484,0.03874281758315978,3.2961844000000013,0
4.81,0.224110303030303,0.009325617021276593,3.4816192999999984,0
8.5,0.22349728096676733,0.00938841212121212,3.6689501999999976,0
9.44,0.22305542168674694,0.028380194598553506,3.839474799999998,0
12.31,0.22274114114114107,0.047056628333493264,4.013347500000002,0
13.431111111111111,0.21733801169590636,0.009197645645645644,4.2359723,0
11.469999999999999,0.21607441860465107,0,4.2359723,0
10.36875,0.20647111111111102,0,4.2359723,0
9.712,0.18142536585365845,0,5.1395821999999995,0
3.3699999999999406,-1.9512195121951222e-05,0,83.8610715,0
3.319615384615386,0.0010367911479944674,0.002052878048780488,85.3800589,0
0.44,0.0008138121546961326,-0.003128178659379955,85.563596,0
-12.06,0.0009886896551724138,0.0026969263129957366,85.7154761,0
19.06,0.0017702479338842978,0.01159202148540953,85.7154761,0
123.06,0.0017485557083906467,8.564132012027319e-05,86.0655969,0
87.19,0.00021703296703296722,-0.021758474223208472,86.2218916,0
56.81,-0.0013492455418381345,-0.022309111585845837,0,0
67.0,-0.0010290410958904111,0.005062948770807114,0,0
106.94,0.0004541723666210668,0.021996625483135884,0,0
-148.62,0.0026699453551912566,0.03281695927246557,0.1627955999999955,0
-179.19,0.0044043656207366985,0.02606255490088087,0.31941589999999564,0
119.5,0.006207629427792916,0.027494904150539807,0.47600159999998937,0
93.94,0.008549659863945578,0.03598351450476324,0,0
83.06,0.012541304347826087,0.06104348729387889,0,0
-178.94,0.01723744911804613,0.07259079164170497,0,0
-136.87,0.017214092140921407,0,0.1559361999999993,0
144.37,0.01631231393775372,-0.011606872628726287,0.34562979999999754,0
70.25,0.014657297297297296,-0.02148588751370599,0.5004076999999967,0
55.63,0.015488798920377867,0.013202291891891892,0,0.15760950000000662
57.13,0.018012938005390836,0.039593395805522125,0,0.15760950000000662
158.69,0.02123176312247645,0.05145843084595339,0,0.15760950000000662
-132.62,0.023962903225806454,0.0460289718957515,0.3126129999999989,0.15760950000000662
-139.75,0.025503355704697993,0.030314004153816014,0.4702482999999944,0.15760950000000662
-174.19,0.027015549597855234,0.03199427261019185,0.6376577999999995,0.15760950000000662
140.19,0.03049799196787149,0.06365151657802028,0,0.15760950000000662
82.06,0.03505989304812834,0.08237935593545,0,0.15760950000000662
63.25,0.04035140186915888,0.09629614737930027,0.15587940000000344,0.15760950000000662
67.12,0.04492906666666667,0.08902825952883298,0.32425960000000487,0.15760950000000662
166.12,0.04872383488681758,0.08104658486216632,0.4962176000000085,0.15760950000000662
-163.56,0.05311489361702128,0.09406449165311172,0.6498544000000095,0.15760950000000662
178.94,0.059928286852589635,0.13496968314247343,0,0.15760950000000662
78.62,0.06782970822281167,0.1564439460906806,0,0.15760950000000662
65.44,0.07600900662251656,0.16638232274850553,0.19072239999999852,0.15760950000000662
66.56,0.08283439153439154,0.15231904327830686,0.3925578999999999,0.15760950000000662
157.5,0.08928560105680318,0.1535537946010582,0.5639460999999955,0.15760950000000662
-172.81,0.0968585751978892,0.17796064268560247,0,0.15760950000000662
163.19,0.10643583662714098,0.2164373287014336,0,0.15760950000000662
54.25,0.11686789473684212,0.23832819563160487,0,0.15760950000000662
60.38,0.12711011826544022,0.24520562721055225,0.18928750000000605,0.15760950000000662
101.12,0.136446719160105,0.24198243667178748,0.35929900000000714,0.15760950000000662
-178.44,0.14563355176933163,0.2509861742045959,0.5447644000000054,0.15760950000000662
177.69,0.15565445026178013,0.27574885834614243,0,0.15760950000000662
54.88,0.16570039215686277,0.28898521436708485,0.0038603999999935468,0.15760950000000662
45.19,0.1761958224543081,0.30952924573963386,0.1733639999999923,0.15760950000000662
47.88,0.1868104302477184,0.3258729115359785,0.34425819999999874,0.15760950000000662
161.25,0.1865671875,0,0.5156654000000032,0
-176.5,0.18640312093628086,0.016133375000000002,0.6737995000000012,0
131.62,0.18632207792207792,0.03231762467490247,0.8301984999999945,0
48.75,0.18627979274611395,0.05571627402555182,0.988086999999993,0
50.19,0.18603880983182403,0,0.988086999999993,0
171.31,0.18579844961240305,0,0.988086999999993,0
-170.94,0.1855587096774193,0,0.988086999999993,0
162.94,0.18531958762886594,0,0.988086999999993,0
46.31,0.18508108108108104,0,0.988086999999993,0
46.5,0.18484318766066835,0,0.988086999999993,0
90.94,0.18460590500641844,0,0.988086999999993,0
-167.935,0.1841331626120358,0,0.988086999999993,0
-168.81,0.18389769820971863,0,0.988086999999993,0
67.12,0.1836628352490421,0,0.988086999999993,0
48.905,0.18319490445859868,0,0.988086999999993,0
7.493101952277663,0.0,0,0,0
-0.13,0.0,0,0,0
9.0,0.0,0,0,0
11.38,0.0,0,0,0
109.0,0.0,0,0,0
171.62,0.0,0,0,0
29.19,0.0,0,0,0
22.75,0.0,0,0,0
47.69,0.00010746268656716417,0.001008,25.8131033,0
-129.12,0.00010723404255319149,0,25.9838297,0
-93.75,0.0006157112526539278,0.0048005787234042556,26.1421125,0
-67.94,0.0014805084745762715,0.00823383562361657,26.1421125,0
-54.38,0.0017699788583509517,0.002944276301582672,0,0
-69.81,0.0005004219409282704,-0.011682125389749252,0,0
-179.5,-0.0014113684210526314,-0.01779409163447499,0,0
48.5,-0.0035117647058823527,-0.0197790011081592,0,0
27.44,-0.004338784067085954,-0.00799594228462979,0,0
20.56,-0.004472803347280335,-0.0017510450099966655,0,0
33.13,-0.004352400835073069,0.0003231307222209079,0,0
134.25,-0.0039341666666666665,0.0028389386554150626,0,0
-133.62,-0.0030220374220374224,0.007292205322081729,0,0
-114.25,-0.0019767634854771787,0.008370442328318736,0,0
-160.5,-0.0014915113871635615,0.0028443012494805617,0,0
62.38,-4.793388429752089e-05,0.012020980338507478,0,0
53.69,0.001847422680412371,0.016457145627763677,0.15610590000000002,0
60.25,0.004145679012345679,0.020596939442196666,0.32951949999999997,0
143.31,0.006566735112936346,0.02221659376318432,0.4845444999999984,0
-120.0,0.0074721311475409845,0.008045932572219229,0.6425680000000007,0
-114.19,0.007640899795501023,0.0014757030640225074,0,0
-131.31,0.006692244897959184,-0.008857024952337412,0,0
62.75,0.005324643584521386,-0.012473645360500676,0,0
46.5,0.004234959349593497,-0.009367673873738965,0,0
44.0,0.003541582150101421,-0.005164877125771484,0,0
40.25,0.003483400809716601,0.0013664494462366289,0,0
74.69,0.00399757575757576,0.007309121511013958,0.16233489999999762,0
-134.94,0.0033008064516129054,-0.006672096969696969,0.31774349999999885,0
-126.0,0.0002578313253012072,-0.01912400019550342,0.47609239999999886,0
-5.0968211920529605,-0.03898896247240619,0,0.01705090000000098,0
-5.692836363636397,0.06546263736263731,-0.0014631169977924949,0.17529189999999772,0
-11.06,0.06448779149519884,-0.01078610600878151,0.17529189999999772,0
-12.38,0.06395726027397254,0.0008209173108343982,0.17529189999999772,0
9.31,0.06338440492476055,0.005297498132752202,0.17529189999999772,0
58.25,0.06341584699453547,0.004263376196990422,1.3512833999999998,0
-142.37,0.06399945429740786,0.017432643956553258,1.507967899999997,0
77.62,0.06471226158038142,0.024472600300345888,1.6799000999999976,0
48.56,0.06513850340136049,0.0254655812267764,1.8368235999999953,0
38.38,0.06513043478260863,0.02430066149888524,1.995867699999998,0
88.31,0.06493351424694703,0.02672709628149393,2.152771399999999,0
-118.25,0.06435121951219507,0.026225777421249694,2.2890395999999953,0
130.5,0.06409742895805137,0.0362058749822253,2.2890395999999953,0
51.28,0.06459271255060722,0,2.2890395999999953,0
128.19,0.0630204851752021,-0.016872582995951423,2.2890395999999953,0
-142.69,0.06145356662180345,-0.011814944181935254,0,0
173.5,0.061705376344085974,0.020101341147809024,0,0
99.44,0.06271838926174492,0.036389771255335907,0,0
92.81,0.062225737265415505,0.018983242396275496,0,0
166.5,0.062142436412315885,0,0,1.2707077000000027
-112.69,0.06338930481283417,0.02486739491298527,0,1.2707077000000027
169.81,0.06590600801068086,0.049010539298012,0,1.2707077000000027
58.94,0.06760266666666662,0.04208301993886648,0,1.2707077000000027
54.63,0.06778588548601859,0.0248272332721998,0,1.2707077000000027
74.62,0.06802393617021271,0.03108210411108129,0,1.2707077000000027
105.25,0.06973120849933594,0.058660019004698305,0,1.2707077000000027
127.94,0.0723405835543766,0.07791051568464519,0,1.2707077000000027
130.69,0.07490225165562908,0.08308176236899531,0.1561304000000021,1.2707077000000027
119.465,0.07987371202113601,0.0905340325676708,0.31820189999999826,1.2707077000000027
116.0,0.0815050131926121,0.08465992952936169,0.4737127000000001,1.2707077000000027
115.87,0.08333386034255595,0.09424433058477066,0,1.2707077000000027
129.0,0.08683473684210523,0.12639903941217515,0,1.2707077000000027
148.0,0.0906817345597897,0.1387538183595436,0,1.2707077000000027
84.25,0.0948614173228346,0.15123235712432676,0,1.2707077000000027
49.19,0.09905006553079944,0.15912527051015352,0.15971030000000042,1.2707077000000027
125.69,0.1031031413612565,0.16514527575261748,0.3345476000000005,1.2707077000000027
-81.0,0.10704784313725486,0.171897527061518,0.5063439000000045,1.2707077000000027
-127.69,0.11118694516971277,0.1835973545124984,0,1.2707077000000027
97.44,0.11654967405475877,0.2114283101260754,0,1.2707077000000027
77.69,0.12253229166666664,0.23048828405045613,0,1.2707077000000027
62.94,0.1288348504551365,0.24545086738378946,0.1569967999999946,1.2707077000000027
157.5,0.13469350649350648,0.2491736554202004,0.34645069999999833,1.2707077000000027
-71.69,0.1400954604409857,0.2531411359396809,0.502012999999998,1.2707077000000027
-87.5,0.14563471502590672,0.2666847727749598,0,1.2707077000000027
-108.19,0.15236429495472184,0.29695954997703233,0,1.2707077000000027
-79.56,0.16707612903225805,0.327699265371599,0,1.2707077000000027
-82.125,0.18189137709137707,0.34472440085547,0.15807939999999832,1.2707077000000027
-80.685,0.19580333761232346,0.36263136610643526,0.30991179999999474,1.2707077000000027
-79.185,0.2124686299615877,0.4112557666199141,0,1.2707077000000027
-78.25,0.2227785166240409,0.4561572570168411,0,1.2707077000000027
-79.06,0.23378595146871006,0.4853155383467644,0,1.2707077000000027
-76.56,0.2453127551020408,0.5126024144642611,0.15800240000000088,1.2707077000000027
-77.155,0.26708091603053435,0.530167945076506,0.31678360000000083,1.2707077000000027
-75.60333333333334,0.302748288973384,0.6077408916413914,0,1.2707077000000027
-75.56,0.33091378002528443,0.6666466863181976,0,1.2707077000000027
-80.0,0.34524494949494944,0.6957837887202203,0.16489280000000406,1.2707077000000027
-76.31,0.3588479192938209,0.7124273846798163,0.3361797000000024,1.2707077000000027
-77.2,0.4312666666666665,0.8321988853103334,0,1.2707077000000027
-62.0,0.4473927409261576,0.8767242186436667,0,1.2707077000000027
-35.06,0.4641229999999999,0.9228276379177593,0.0036819999999977426,1.2707077000000027
-31.87,0.48053583021223456,0.9555414779177593,0.17711820000000245,1.2707077000000027
-92.44,0.4963965087281794,0.9857843443347382,0.3312585999999982,1.2707077000000027
163.56,0.5117867995018679,1.0185760650329927,0.3312585999999982,1.2707077000000027
139.0,0.5265154228855721,1.049495008993142,0,1.2707077000000027
133.69,0.5415706832298136,1.0974642428239878,0,1.2707077000000027
-154.87,0.5566640198511166,1.1420058974823728,0,1.2707077000000027
-148.12,0.5716961586121437,1.1861550190704622,0.4860550999999944,1.2707077000000027
-152.5,0.5868074257425743,1.2337707117594336,0.6406759999999991,1.2707077000000027
121.0,0.601708281829419,1.2779153058188395,0.7971239999999966,1.2707077000000027
121.19,0.6163945679012345,1.323171968365193,0.9705060999999944,1.2707077000000027
126.44,0.6311477188655981,1.3741555337972917,1.1284731000000008,1.2707077000000027
-153.62,0.6459103448275862,1.4253913513065397,1.284723999999997,1.2707077000000027
-126.44,0.6451158671586715,0,1.284723999999997,0
-153.81,0.6443233415233415,0,1.284723999999997,0
107.75,0.6435327607361964,0,1.284723999999997,0
104.0,0.6427441176470589,0,1.284723999999997,0
124.56,0.6419574051407588,0,1.284723999999997,0
-151.0,0.6411726161369193,0,1.284723999999997,0
-141.0,0.6403897435897435,0,1.284723999999997,0
-173.37,0.6396087804878049,0,1.284723999999997,0
124.37,0.6388297198538367,0,1.284723999999997,0
105.37,0.6380525547445255,0,1.284723999999997,0
112.25,0.6372772782503038,0,1.284723999999997,0
174.31,0.6365038834951456,0,1.284723999999997,0
-119.81,0.6357323636363637,0,1.284723999999997,0
-139.81,0.6349627118644068,0,1.284723999999997,0
142.06,0.6341949214026602,0,1.284723999999997,0
107.81,0.6334289855072464,0,1.284723999999997,0
112.94,0.6326648974668275,0,1.284723999999997,0
-168.37,0.6319026506024096,0,1.284723999999997,0
-116.5,0.631142238267148,0,1.284723999999997,0
-170.25,0.6303836538461538,0,1.284723999999997,0
119.62,0.6296268907563025,0,1.284723999999997,0
104.94,0.6288719424460432,0,1.284723999999997,0
152.44,0.6281188023952096,0,1.284723999999997,0
-132.44,0.6273674641148326,0,1.284723999999997,0
-160.25,0.6266179211469534,0,1.284723999999997,0
123.19,0.6258701670644391,0,1.284723999999997,0
129.06,0.6251241954707986,0,1.284723999999997,0
-139.0,0.6243799999999999,0,1.284723999999997,0
-118.25,0.62326080760095,0.0787416,5.9853229,0
-106.19,0.6225290628706998,0.124914464608076,6.1670124999999985,0
-71.40702005730665,0.0,0,0,78.1494886
